Date,Ticker,Open,High,Low,Close,Volume
2022-01-03,COMB,61.1075708701624,62.4981364869189,61.1075708701624,61.9573631286621,872263
2022-01-03,DIAL,8.00534343719482,8.07878723770237,8.00534343719482,8.00534343719482,444785
2022-01-03,HNB,111.998893737792,112.828513481096,111.791493840021,111.998893737792,172675
2022-01-03,JKH,146.242897845329,150.414255669776,146.242897845329,149.923507690429,799594
2022-01-03,LIOC,61.9470477596025,64.9009259973592,61.4406699209186,62.2002334594726,1786792
2022-01-03,NDB,57.5493597412659,58.7238369089991,57.4654680036264,57.9688148498535,108179
2022-01-04,COMB,61.9573648561243,61.9573648561243,61.4165850046777,61.6483459472656,308187
2022-01-04,DIAL,8.07878643355923,8.15223022675635,7.9318995475769,7.9318995475769,2043389
2022-01-04,HNB,112.828508898136,113.243322111641,111.791489299183,112.621109008789,30259
2022-01-04,JKH,149.187382420568,150.41425234179,146.242894609636,146.733642578125,317312
2022-01-04,LIOC,62.284640875654,62.8754140021095,59.4995528476338,59.9215354919433,1784968
2022-01-04,NDB,58.6399456981815,58.891620913361,57.54936025829,58.3043823242187,539191
2022-01-05,COMB,62.1118678324414,62.1891257987122,61.4165850046777,61.6483459472656,426225
2022-01-05,DIAL,8.00534343719482,8.07878723770237,7.93190033709927,8.00534343719482,227981
2022-01-05,HNB,112.621115441452,112.828515342645,109.717442933279,109.924842834472,227134
2022-01-05,JKH,144.279900546097,148.942006175988,144.279900546097,147.960510253906,1056536
2022-01-05,LIOC,59.9215314014814,61.525066628183,58.1492057041559,58.7399787902832,2315654
2022-01-05,NDB,59.7305314290917,59.8983149066956,58.3882707674809,58.6399459838867,254927
2022-01-06,COMB,61.80285545573,61.80285545573,61.2620820819227,61.5710945129394,170734
2022-01-06,DIAL,8.00534254213905,8.00534254213905,7.85845565795898,7.85845565795898,3249656
2022-01-06,HNB,109.71743774414,111.584083788439,109.51003113535,109.71743774414,180739
2022-01-06,JKH,147.224390901477,149.187382780163,145.752146992462,148.20588684082,318537
2022-01-06,LIOC,58.6555801725735,58.6555801725735,56.2924750864464,57.8116149902343,2524309
2022-01-06,NDB,58.7238374365747,58.7238374365747,57.8849236322528,58.3043823242187,211454
2022-01-07,COMB,61.4938429709484,61.8028554016949,61.0303210857726,61.6483459472656,788377
2022-01-07,DIAL,7.9318995475769,8.07878643355923,7.85845575437977,7.9318995475769,857498
2022-01-07,HNB,111.79149568446,111.79149568446,109.717442933279,109.924842834472,132535
2022-01-07,JKH,149.187398732666,155.321749009503,147.224406644079,152.622634887695,1471693
2022-01-07,LIOC,59.0775648752848,62.4534257253011,59.0775648752848,60.7654953002929,3572178
2022-01-07,NDB,58.7238371599902,59.9822024911313,57.8849233596195,58.8916206359863,777215
2022-01-10,COMB,62.0346221845065,64.8930052528214,61.8028612200995,64.043212890625,1404045
2022-01-10,DIAL,8.00534210798832,8.15222968461421,8.00534210798832,8.07878589630127,680830
2022-01-10,HNB,111.99889088681,120.29510826088,110.339651442439,118.013648986816,220944
2022-01-10,JKH,154.585611865778,156.057855788309,151.150376046539,154.094863891601,431534
2022-01-10,LIOC,60.7654883806949,61.6094534970935,58.2335930314993,58.9087677001953,1068585
2022-01-10,NDB,59.8144226197134,61.2405750070558,58.7238371845032,60.7372245788574,734561
2022-01-11,COMB,64.893001271957,64.893001271957,62.961662179748,63.1161651611328,153413
2022-01-11,DIAL,8.07878589630127,8.22567277251528,8.00534210798832,8.07878589630127,5491951
2022-01-11,HNB,118.221057392209,118.221057392209,115.317378244352,115.939598083496,32290
2022-01-11,JKH,151.150381130642,155.076365056113,149.67813715859,154.585617065429,316085
2022-01-11,LIOC,58.2335980189836,58.7399758444034,56.6300628727011,56.8832550048828,1092313
2022-01-11,NDB,61.3244662148774,61.3244662148774,60.1499890517887,60.4016571044921,483602
2022-01-12,COMB,63.038907905352,63.9659516213295,62.4981345637357,62.5753860473632,365428
2022-01-12,DIAL,8.22567287032697,8.73977729339518,8.07878599236633,8.51944732666015,6364811
2022-01-12,HNB,116.976631148734,116.976631148734,115.109971631305,115.939598083496,10802
2022-01-12,JKH,154.094863891601,154.585611865778,153.113367943247,154.094863891601,123969
2022-01-12,LIOC,57.2208373391829,58.7399706819306,55.7016975574923,56.123680114746,769560
2022-01-12,NDB,60.4016587076739,60.821117405346,58.975509874419,59.8983154296875,70782
2022-01-13,COMB,62.9616594699414,63.3479233848913,61.8801062562348,63.1934204101562,143176
2022-01-13,DIAL,8.73977756500244,9.10699512152207,8.51944759142018,8.73977756500244,11022692
2022-01-13,HNB,115.939602998638,115.939602998638,113.658143593204,114.487770080566,34294
2022-01-13,JKH,153.604105086275,163.664437847517,152.131861267557,160.229202270507,1280271
2022-01-13,LIOC,56.1236836135892,56.1236836135892,51.903857777981,53.5073928833007,1319098
2022-01-13,NDB,60.2338801741731,60.2338801741731,58.7238360772694,58.8077278137207,55905
2022-01-18,COMB,62.9616632132254,64.506731921109,62.5753927971983,63.2706756591796,379917
2022-01-18,DIAL,8.81322193145752,9.03355261982634,8.81322193145752,8.81322193145752,2167684
2022-01-18,HNB,115.939598357538,116.147004971076,113.243325816356,114.072952270507,109128
2022-01-18,JKH,163.173710713859,164.400580719227,159.00235269561,160.719970703125,501578
2022-01-18,LIOC,55.701697639797,62.453418565833,55.701697639797,58.2335929870605,2603649
2022-01-18,NDB,58.807727552547,59.5627460180359,58.6399440803895,59.3949661254882,97281
2022-01-19,COMB,63.2706747891806,64.2749700833067,62.9616623474754,63.9659576416015,438341
2022-01-19,DIAL,8.88666572771778,8.88666572771778,8.73977813519726,8.81322193145752,1994320
2022-01-19,HNB,116.976626764713,116.976626764713,114.487760936229,114.695167541503,30434
2022-01-19,JKH,160.965349657378,160.965349657378,157.039365519393,159.738479614257,194600
2022-01-19,LIOC,58.2335929481271,60.3435057361027,56.5456627177466,56.7988548278808,687923
2022-01-19,NDB,59.3949669753873,59.9822019771217,59.0594000262707,59.4788551330566,89858
2022-01-20,COMB,64.0432062003722,64.5839795681258,63.6569422854534,64.3522186279296,231862
2022-01-20,DIAL,8.73977820230826,8.81322199913248,8.59289130907177,8.66633510589599,732594
2022-01-20,HNB,116.147003173828,116.147003173828,115.317376732513,116.147003173828,27907
2022-01-20,JKH,159.983845840265,160.229219836953,158.51160186014,159.002349853515,171773
2022-01-20,LIOC,57.3896347729127,57.6428269136648,56.292477414912,56.545669555664,536939
2022-01-20,NDB,60.2338791076518,60.401655418364,59.143290132705,59.6466369628906,42393
2022-01-21,COMB,64.815741558541,65.1247604692176,64.5067291259765,64.5067291259765,759593
2022-01-21,DIAL,8.73977859291655,8.73977859291655,8.51944859342056,8.59289169311523,1447314
2022-01-21,HNB,117.806241082683,120.295106939301,116.147001656541,116.35440826416,97925
2022-01-21,JKH,159.002370135384,159.002370135384,156.057881799543,158.020874023437,1209974
2022-01-21,LIOC,58.6555860164958,59.4995512829202,56.967655483647,57.4740333557128,509615
2022-01-21,NDB,60.3177653671844,60.4016571044921,59.5627468906344,60.4016571044921,113758
2022-01-24,COMB,64.8930024190198,65.6655367739364,64.3522225402769,65.2792663574218,320561
2022-01-24,DIAL,8.59289079838621,8.59289079838621,8.44600391387939,8.44600391387939,1614995
2022-01-24,HNB,116.97663116455,117.806244182042,115.317378259944,116.97663116455,92449
2022-01-24,JKH,158.020853866765,160.719967830328,158.020853866765,159.002349853515,493993
2022-01-24,LIOC,58.2335960518918,58.2335960518918,55.6173053431462,55.870491027832,342779
2022-01-24,NDB,60.6533306693558,60.8211141394151,60.2338791534271,60.5694389343261,63210
2022-01-25,COMB,65.2792653774328,65.2792653774328,63.7341966907945,63.9659576416015,131155
2022-01-25,DIAL,8.44600494442146,8.44600494442146,8.15223113956291,8.29911804199218,1330104
2022-01-25,HNB,116.976624976392,117.391424745789,115.317372159561,115.732185363769,6073
2022-01-25,JKH,159.00233416691,159.983830056829,157.039342387071,157.530090332031,192701
2022-01-25,LIOC,56.1236839883741,56.5456665747528,54.4357536428591,54.6889457702636,843096
2022-01-25,NDB,60.8211157910309,60.8211157910309,60.4016571044921,60.4016571044921,28677
2022-01-26,COMB,63.7341947749455,64.12046517405,63.347924375841,63.4251823425293,83578
2022-01-26,DIAL,8.29911656082822,8.51944722535518,8.00534210798832,8.07878589630127,7242975
2022-01-26,HNB,115.524780527791,116.147000343615,114.487760936229,114.695167541503,10265
2022-01-26,JKH,157.284729003906,158.020850980523,156.057859042877,157.284729003906,302664
2022-01-26,LIOC,54.688946206636,54.688946206636,52.0726522185289,52.4102363586425,838403
2022-01-26,NDB,60.4016565178805,60.4016565178805,59.6466380486632,59.7305297851562,42124
2022-01-27,COMB,63.4251823425293,64.5067290950422,63.347924375841,63.4251823425293,282140
2022-01-27,DIAL,8.07878723770237,8.29911793881301,8.00534343719482,8.00534343719482,2194688
2022-01-27,HNB,115.317373668619,116.147000087891,114.695167288976,115.524780273437,39604
2022-01-27,JKH,158.02087146053,161.701481820636,156.548627316488,157.775497436523,552876
2022-01-27,LIOC,52.7478239729022,54.6889464706823,49.7939458304196,51.2286872863769,770457
2022-01-27,NDB,59.5627460180359,60.0660964345082,58.9755074450946,59.3949661254882,21016
2022-01-28,COMB,63.3479223345682,64.0432051436847,62.9616584260226,63.0389099121093,66831
2022-01-28,DIAL,8.07878643355923,8.29911711273868,7.85845575437977,7.9318995475769,8419747
2022-01-28,HNB,115.317378244352,116.976631148734,113.658138774782,115.939598083496,54495
2022-01-28,JKH,158.020843123193,159.002339043213,154.585607403124,156.548599243164,489165
2022-01-28,LIOC,51.6506659578946,51.6506659578946,47.2620466925493,49.1187705993652,1525535
2022-01-28,NDB,60.0660964345082,60.0660964345082,58.8916192886257,59.3949661254882,28607
2022-01-31,COMB,63.3479252494817,64.1204660583449,63.3479252494817,63.8114471435546,146431
2022-01-31,DIAL,8.22567277251528,8.22567277251528,8.00534210798832,8.07878589630127,5015072
2022-01-31,HNB,115.317376703049,116.147003144151,114.487763696757,115.109970092773,24007
2022-01-31,JKH,157.0393550117,158.020850980523,155.076363074054,157.284729003906,844757
2022-01-31,LIOC,49.7939459036797,57.5584230283372,49.7939459036797,54.2669639587402,1515036
2022-01-31,NDB,59.5627479553222,60.4016581841755,59.5627479553222,59.5627479553222,28189
2022-02-01,COMB,63.3479205163075,64.1204612674487,62.9616566188488,63.5024299621582,64623
2022-02-01,DIAL,8.22567335586587,8.4460040360183,8.07878646923489,8.15223026275634,1226913
2022-02-01,HNB,115.317372332879,116.146998742541,113.658132948365,113.865539550781,176526
2022-02-01,JKH,157.530085086822,158.020833015441,156.057841300964,157.039337158203,215594
2022-02-01,LIOC,55.4485120391833,66.2512693646685,54.4357563569569,63.3817863464355,8783870
2022-02-01,NDB,59.5627479553222,60.4016581841755,59.4788562165149,59.5627479553222,25401
2022-02-02,COMB,63.5024327313971,63.6569421839856,63.0389108517436,63.3479232788085,294191
2022-02-02,DIAL,8.29911793881301,8.37256103890856,7.93190033709927,8.00534343719482,5497960
2022-02-02,HNB,113.658136858354,113.658136858354,111.998890699355,112.413703918457,144269
2022-02-02,JKH,157.039334024486,157.039334024486,154.585594430353,155.321716308593,244918
2022-02-02,LIOC,65.4916984977163,65.4916984977163,57.389633832659,59.0775642395019,4147906
2022-02-02,NDB,59.5627473807509,59.5627473807509,58.7238371599902,58.8916206359863,51809
2022-02-03,COMB,63.3479232788085,63.7341936712238,61.8028546653719,63.3479232788085,376863
2022-02-03,DIAL,8.07878723770237,8.07878723770237,7.85845653659172,8.00534343719482,1552882
2022-02-03,HNB,111.998888390339,115.317373922517,111.998888390339,114.695167541503,8473
2022-02-03,JKH,155.076385498046,156.057881608794,152.131897165805,155.076385498046,288348
2022-02-03,LIOC,58.2336017660898,63.2973932240107,56.9676539016096,61.6094627380371,1673084
2022-02-03,NDB,58.7238377226886,59.8983149066956,58.5560542450848,58.6399459838867,25191
2022-02-07,COMB,63.5024326807471,63.5024326807471,61.8028546160776,62.2663764953613,341374
2022-02-07,DIAL,8.07878723770237,8.22567413830547,8.00534343719482,8.00534343719482,1069018
2022-02-07,HNB,115.524778935294,116.146998742541,113.865539550781,113.865539550781,5458
2022-02-07,JKH,155.125345412333,156.843505883672,153.161733445088,154.14353942871,605196
2022-02-07,LIOC,64.5633410620978,64.5633410620978,57.4740317361179,58.3179969787597,2088344
2022-02-07,NDB,58.7238377226886,59.1432928370882,58.4721625062828,58.6399459838867,63520
2022-02-08,COMB,63.7341897650803,63.7341897650803,61.9573603207153,62.1891212463378,499760
2022-02-08,DIAL,8.00534210798832,8.15222968461421,7.85845523177431,8.07878589630127,1073647
2022-02-08,HNB,113.865541268086,114.487761084716,110.961862225286,111.79148864746,32944
2022-02-08,JKH,154.14353942871,154.388990924616,152.179927461466,154.14353942871,1216025
2022-02-08,LIOC,58.2335980189836,59.0775632076645,54.8577372642599,56.8832550048828,1055519
2022-02-08,NDB,58.7238352469334,58.7238352469334,57.8849214738921,58.1365966796875,67799
2022-02-09,COMB,62.1891257987122,62.5753897176173,61.4938429709484,61.6483459472656,448250
2022-02-09,DIAL,8.07878723770237,8.15223103820991,7.93190033709927,8.00534343719482,3711770
2022-02-09,HNB,111.58408269243,112.828508898136,110.961862872172,112.621109008789,7053
2022-02-09,JKH,154.143529624754,154.879884065637,150.707208900635,152.425369262695,500306
2022-02-09,LIOC,57.4740253731177,59.0775604443971,54.8577346983687,55.5329093933105,1282970
2022-02-09,NDB,58.1365969377727,58.5560520363505,57.4654666322824,57.5493583679199,70169
2022-02-10,COMB,61.4938402639035,62.5753869629612,60.412287086734,61.725601196289,130015
2022-02-10,DIAL,8.07878723770237,8.07878723770237,7.93190033709927,8.00534343719482,40731
2022-02-10,HNB,110.961864369008,112.828510420152,110.339651257762,112.413703918457,9530
2022-02-10,JKH,154.143551957493,154.389003473348,149.234521640375,153.652648925781,654586
2022-02-10,LIOC,56.1236902872098,57.3052429494662,52.3258465835641,54.1825675964355,408594
2022-02-10,NDB,57.6332503646834,57.8849219931265,56.6265566916916,56.9621200561523,167420
2022-02-11,COMB,61.0303183991326,62.1118650981902,61.0303183991326,61.725601196289,34223
2022-02-11,DIAL,8.07878723770237,8.07878723770237,7.93190033709927,8.00534343719482,490391
2022-02-11,HNB,114.487766402515,114.487766402515,111.998893737792,111.998893737792,15352
2022-02-11,JKH,152.179927461466,154.14353942871,150.461766990127,154.14353942871,245517
2022-02-11,LIOC,54.857734295999,57.1364376065633,54.0137691529836,55.7860946655273,1571095
2022-02-11,NDB,57.8010299952226,58.1365969377727,57.1299032693421,57.5493583679199,90328
2022-02-14,COMB,62.1891238912642,62.5753877983219,61.0303192138671,61.0303192138671,364019
2022-02-14,DIAL,8.81322239302321,8.96010929282453,8.51944859342056,8.59289169311523,6813336
2022-02-14,HNB,111.376679990489,113.658139309945,111.169273376464,111.169273376464,11769
2022-02-14,JKH,154.143551957493,154.143551957493,152.425391346501,153.652648925781,126781
2022-02-14,LIOC,56.5456680996727,57.3896332951902,54.8577377086377,55.2797203063964,352562
2022-02-14,NDB,58.220489527065,59.9822016828447,57.8849225795946,59.1432914733886,42640
2022-02-15,COMB,61.8028525803094,63.2706696569877,61.7256010956775,61.8801040649414,63104
2022-02-15,DIAL,8.73977820230826,8.73977820230826,8.59289130907177,8.66633510589599,3057367
2022-02-15,HNB,113.658134662542,113.658134662542,111.584082041917,111.79148864746,10168
2022-02-15,JKH,154.634410894029,158.807085473709,152.67079932712,156.598022460937,422071
2022-02-15,LIOC,54.9421375484116,57.2208476307909,53.3386054741227,54.8577423095703,632476
2022-02-15,NDB,60.233879629688,60.233879629688,57.6332501416454,58.4721603393554,8508
2022-02-17,COMB,62.5753900557443,64.0432072073617,62.0346166794878,63.4251823425293,107527
2022-02-17,DIAL,8.73977859291655,8.73977859291655,8.51944859342056,8.59289169311523,898340
2022-02-17,HNB,113.658143593204,115.317383133116,113.658143593204,114.487770080566,31564
2022-02-17,JKH,156.598043160657,156.598043160657,152.425368029417,154.8798828125,93747
2022-02-17,LIOC,52.4102315222984,54.8577316047609,52.4102315222984,54.435749053955,186373
2022-02-17,NDB,58.8916201513922,60.8211157910309,58.8916201513922,60.4016571044921,134466
2022-02-18,COMB,63.425180298767,63.425180298767,62.9616584260226,63.0389099121093,69431
2022-02-18,DIAL,8.6663342046208,8.6663342046208,8.44600353747389,8.51944732666015,1453901
2022-02-18,HNB,114.280363458725,116.147009620478,113.450736971363,114.487770080566,16841
2022-02-18,JKH,154.879884065637,154.879884065637,152.179917782401,152.425369262695,169653
2022-02-18,LIOC,54.4357583053468,55.279723550391,53.1698104377806,53.5917930603027,427826
2022-02-18,NDB,60.8211154719106,60.8211154719106,58.7238363686606,59.1432914733886,55299
2022-02-21,COMB,63.03890872498,63.3479211416196,61.1075697842863,61.8801040649414,178143
2022-02-21,DIAL,8.51944770633876,8.59289079838621,8.29911702937257,8.44600391387939,11572827
2022-02-21,HNB,116.147000087891,117.598832886806,114.487760684158,115.524780273437,71173
2022-02-21,JKH,152.179950459798,153.161756591796,146.289113667806,147.270919799804,466644
2022-02-21,LIOC,53.5917915328951,54.3513615195752,48.106017596457,49.0343780517578,632480
2022-02-21,NDB,60.8211168742968,60.8211168742968,57.8849239142794,58.6399459838867,29504
2022-02-22,COMB,61.4165814023914,62.8843984599851,61.184820473397,62.5753860473632,62821
2022-02-22,DIAL,8.44600353747389,8.59289041543453,8.29911665951324,8.51944732666015,4160621
2022-02-22,HNB,115.109978053902,115.109978053902,112.62111871068,114.280364990234,42499
2022-02-22,JKH,146.780016733805,150.2163381958,145.307307535807,147.270919799804,227525
2022-02-22,LIOC,49.0343744308903,51.4818746788195,48.949979202812,49.9627380371093,445520
2022-02-22,NDB,58.0527082401025,58.5560551006586,57.6332531195741,57.8010330200195,93088
2022-02-23,COMB,62.57539077428,62.57539077428,60.721303202268,61.8028564453125,141630
2022-02-23,DIAL,8.44600429688852,8.51944809267842,8.29911740572068,8.37256050109863,7649319
2022-02-23,HNB,115.109972813236,115.109972813236,108.058194919046,111.998893737792,70307
2022-02-23,JKH,146.289109631,147.270915735906,141.380079106469,146.534561157226,415865
2022-02-23,LIOC,50.5535156912023,50.6379109216163,42.1982591013469,48.8655853271484,835674
2022-02-23,NDB,57.8849233611739,57.8849233611739,53.6903650980377,55.5359725952148,95248
2022-02-24,COMB,61.4165781690352,62.4208797938793,60.6440439390956,60.9530563354492,169837
2022-02-24,DIAL,8.37256114300082,8.44600494442146,8.22567424057154,8.29911804199218,3576690
2022-02-24,HNB,111.998884882364,113.243317757629,107.850779776419,108.472999572753,50101
2022-02-24,JKH,146.289117326407,146.289117326407,141.380086543642,142.361892700195,260532
2022-02-24,LIOC,48.1060139081152,48.7811853892471,42.1982578141361,42.7046356201171,738786
2022-02-24,NDB,54.9487337423284,54.9487337423284,53.606473100053,53.6903648376464,62935
2022-02-25,COMB,61.0303182996543,62.1891229596929,60.6440479202708,61.8801040649414,1859523
2022-02-25,DIAL,8.22567424057154,8.44600494442146,8.22567424057154,8.29911804199218,2683845
2022-02-25,HNB,112.828511947795,113.65813839723,108.058193450572,112.206298828125,13727
2022-02-25,JKH,142.36188823674,145.307306614051,140.398275985198,144.325500488281,326722
2022-02-25,LIOC,42.2826555581677,46.3336911249745,41.0167077484085,44.7301559448242,488275
2022-02-25,NDB,53.9420386435402,54.4453855097652,53.3548036159527,53.8581504821777,90589
2022-02-28,COMB,63.3479271511401,63.7341975671672,61.6483489812231,63.2706756591796,1510089
2022-02-28,DIAL,8.37256099320725,8.66633549322189,8.22567409340593,8.59289169311523,3824684
2022-02-28,HNB,114.487763296557,114.487763296557,111.998890699355,112.413703918457,35220
2022-02-28,JKH,145.307287024171,146.779996014281,144.080029532413,146.289093017578,354020
2022-02-28,LIOC,46.418084274877,49.7939449494135,45.1521365219258,48.6123924255371,414081
2022-02-28,NDB,53.8581475183028,54.4453825135741,53.4386888365235,53.9420356750488,48700
2022-03-02,COMB,63.7341994525295,64.1204698799831,62.5753946482812,62.8071556091308,207705
2022-03-02,DIAL,8.59289079838621,8.59289079838621,8.37256012142002,8.44600391387939,365131
2022-03-02,HNB,114.280359787338,114.487766402515,110.547060866362,111.998893737792,90206
2022-03-02,JKH,146.289102812071,146.780005841641,144.325490693788,145.307296752929,140264
2022-03-02,LIOC,49.7939507117638,58.1492081359333,45.9961070134089,54.8577423095703,2946739
2022-03-02,NDB,53.9420351206674,56.2070976605572,53.5225800228088,54.1937103271484,36702
2022-03-03,COMB,62.8071556091308,63.5024384916798,62.6526461425268,62.8071556091308,312582
2022-03-03,DIAL,8.59289118805637,8.59289118805637,8.37256050109863,8.37256050109863,304174
2022-03-03,HNB,111.998893737792,114.487766402515,111.584087224843,111.998893737792,4547
2022-03-03,JKH,145.30728567463,145.30728567463,142.361867721766,143.343673706054,153793
2022-03-03,LIOC,54.8577377742914,58.4023890241298,50.2159291933898,50.8067054748535,2973805
2022-03-03,NDB,54.1937141670053,54.5292775531463,52.8514534632213,53.2709121704101,75997
2022-03-04,COMB,63.2706775308301,63.2706775308301,62.5753946482812,62.8071556091308,32996
2022-03-04,DIAL,8.37256050109863,8.51944809267842,8.29911740572068,8.37256050109863,171449
2022-03-04,HNB,112.20630035297,112.20630035297,111.791493840021,111.998893737792,13231
2022-03-04,JKH,143.343672318892,143.834575306285,142.361866344105,143.098220825195,346127
2022-03-04,LIOC,53.8449815631351,55.5329152593164,50.8911032288937,52.1570510864257,2551820
2022-03-04,NDB,53.6903656405062,55.3681896786348,52.8514518316369,54.3614959716796,108991
2022-03-07,COMB,62.8844003950544,63.3479222673066,61.8028536785407,61.9573631286621,420945
2022-03-07,DIAL,8.37256050109863,8.51944809267842,8.29911740572068,8.37256050109863,5789613
2022-03-07,HNB,111.998894335302,111.998894335302,107.850788879248,108.265602111816,46473
2022-03-07,JKH,143.343680728265,144.080035252554,141.380068663494,141.870971679687,1061852
2022-03-07,LIOC,54.0137716497241,54.4357542407375,47.684032784522,48.8655853271484,558687
2022-03-07,NDB,54.6131657227674,55.200404294815,53.0192334785268,54.5292739868164,107968
2022-03-08,COMB,61.957360106001,62.1891210308204,61.0303164067236,61.2620773315429,110109
2022-03-08,DIAL,8.37256114300082,8.44600494442146,8.07878733814227,8.29911804199218,2112605
2022-03-08,HNB,109.51002584924,110.339645526948,107.850779776419,108.472999572753,74219
2022-03-08,JKH,142.852769331498,143.343672318892,139.907351407137,140.398254394531,396719
2022-03-08,LIOC,48.865587637835,48.865587637835,40.3415369646067,41.9450721740722,1612156
2022-03-08,NDB,53.6903656833175,54.3614960150261,52.8514518737793,52.8514518737793,123414
2022-03-09,COMB,58.7127087119428,61.8028522985891,58.7127087119428,59.8715133666992,156244
2022-03-09,DIAL,8.29911714938732,8.29911714938732,8.07878646923489,8.15223026275634,513319
2022-03-09,HNB,107.850792881993,108.680412660513,106.398953231529,106.813766479492,86677
2022-03-09,JKH,140.398260011926,140.398260011926,138.434647983787,138.680099487304,712383
2022-03-09,LIOC,42.1982595570346,43.886189939316,37.5564510057608,38.3160209655761,838832
2022-03-09,NDB,52.8514510258943,53.270909713739,50.334716796875,50.334716796875,291186
2022-03-10,COMB,60.2577718351846,62.5753809358114,59.8715079704877,61.416576385498,69427
2022-03-10,DIAL,8.15222963441397,8.29911650972348,8.07878584655329,8.22567272186279,545079
2022-03-10,HNB,106.813758619424,109.510031097962,104.117492858292,108.680404663085,48016
2022-03-10,JKH,138.680099181108,148.007256294173,137.698293169206,146.779998779296,150596
2022-03-10,LIOC,40.5103302147233,46.7556740772819,38.8223997891098,45.2365341186523,1125487
2022-03-10,NDB,50.3347183696784,52.8514526773378,50.3347183696784,52.5997810363769,96580
2022-03-11,COMB,62.9616581834916,62.9616581834916,61.0303192138671,61.0303192138671,41790
2022-03-11,DIAL,8.15223051455283,8.37256050109863,8.15223051455283,8.37256050109863,1452580
2022-03-11,HNB,109.924841607275,110.339654839843,107.850788879248,108.265602111816,13259
2022-03-11,JKH,147.270915735906,148.252721840812,146.289109631,146.534561157226,389954
2022-03-11,LIOC,50.637913923785,53.8449811617303,45.996105147438,48.3592071533203,4521548
2022-03-11,NDB,53.2709116752591,54.2776054039349,52.0125427246093,52.0125427246093,174759
2022-03-14,COMB,62.5753896241208,62.8071505663624,60.3350381678597,60.6440505981445,56625
2022-03-14,DIAL,8.37256114300082,8.37256114300082,8.07878733814227,8.29911804199218,4738928
2022-03-14,HNB,110.33964235126,110.33964235126,107.850776672363,107.850776672363,28734
2022-03-14,JKH,148.252700779932,148.252700779932,142.361864987352,145.552734375,75569
2022-03-14,LIOC,49.7939439946079,50.6379091470589,43.8861879274511,44.5613594055175,795805
2022-03-14,NDB,52.0125419235239,52.6836722588412,51.928650184158,52.2642135620117,89810
2022-03-15,COMB,60.7985581035106,60.7985581035106,59.8715143642594,60.1032752990722,82581
2022-03-15,DIAL,8.29911804199218,8.37256114300082,8.15223113956291,8.29911804199218,10791661
2022-03-15,HNB,107.850788263281,107.850788263281,107.021168520289,107.435981750488,15143
2022-03-15,JKH,143.834576698198,145.30728567463,142.361867721766,143.343673706054,33153
2022-03-15,LIOC,43.8861914203459,45.5741218595899,37.5564522731806,38.6536064147949,2348862
2022-03-15,NDB,52.0964319696516,52.0964319696516,50.3347162390568,50.5863914489746,16306
2022-03-16,COMB,60.2577811817836,61.4165859118395,59.9487687464728,60.8758125305175,19557
2022-03-16,DIAL,8.29911656082822,8.29911656082822,8.07878589630127,8.07878589630127,1398311
2022-03-16,HNB,107.435986933121,107.850793465924,106.606360432704,107.64338684082,25581
2022-03-16,JKH,142.607320493292,149.970865441311,142.607320493292,148.989059448242,391463
2022-03-16,LIOC,39.6663587763068,39.6663587763068,33.7586032138781,37.5564460754394,2049711
2022-03-16,NDB,50.2508240112525,51.1736259460449,50.3347157470718,51.1736259460449,534466
2022-03-18,COMB,61.0303209003256,61.0303209003256,59.2534848531798,59.6397552490234,845831
2022-03-18,DIAL,8.07878589630127,8.22567277251528,8.00534210798832,8.07878589630127,6962382
2022-03-18,HNB,106.606352010705,109.924837597995,106.606352010705,108.680404663085,1798
2022-03-18,JKH,148.989070124519,155.125358020916,148.252715576951,153.652648925781,237274
2022-03-18,LIOC,38.8224033048783,39.2443859494965,35.0245595033141,36.7124900817871,857210
2022-03-18,NDB,50.7541708465583,52.0125397246278,50.3347157470718,51.1736259460449,20164
2022-03-21,COMB,60.1032772789239,60.64405065193,59.9487678245884,60.5667991638183,145631
2022-03-21,DIAL,8.07878584655329,8.29911650972348,8.07878584655329,8.22567272186279,551853
2022-03-21,HNB,110.339653015136,111.169272749146,108.68040682971,110.339653015136,8227
2022-03-21,JKH,153.161733445088,154.634442420522,150.216315494221,154.14353942871,477872
2022-03-21,LIOC,37.8940339316451,37.9784291530857,36.2904989685041,36.8812751770019,389992
2022-03-21,NDB,52.0125408094245,52.0125408094245,50.334716796875,50.334716796875,303893
2022-03-22,COMB,61.0303237428999,61.416587678622,59.4852485656738,59.4852485656738,328324
2022-03-22,DIAL,8.29911714938732,8.29911714938732,8.07878646923489,8.15223026275634,394893
2022-03-22,HNB,111.169274286005,111.169274286005,109.510034795046,110.132247924804,14413
2022-03-22,JKH,154.634425697144,154.634425697144,152.179911003538,153.898071289062,68842
2022-03-22,LIOC,37.8096384507435,37.8096384507435,34.2649841417269,34.9401588439941,1279120
2022-03-22,NDB,52.0125430436833,52.0125430436833,50.334718959061,50.5025024414062,148250
2022-03-23,COMB,59.5625056067876,59.5625056067876,59.0217257402269,59.1762351989746,144945
2022-03-23,DIAL,8.07878646923489,8.29911714938732,8.07878646923489,8.15223026275634,122907
2022-03-23,HNB,111.169274286005,111.169274286005,109.510034795046,110.132247924804,3000
2022-03-23,JKH,154.14353942871,155.125345412333,152.179927461466,154.14353942871,2392768
2022-03-23,LIOC,35.4465334484274,35.8685159894801,32.9146382021112,33.8429985046386,1224648
2022-03-23,NDB,52.012541643851,54.1098207982816,52.012541643851,52.8514518737793,13535
2022-03-24,COMB,59.4079970741519,60.6440533290652,59.1762361214736,59.4852485656738,558786
2022-03-24,DIAL,8.22567272186279,8.22567272186279,8.15222963441397,8.22567272186279,436179
2022-03-24,HNB,109.510029570898,109.510029570898,108.265596653342,108.887809753417,49980
2022-03-24,JKH,154.634425697144,155.125328635865,153.16171688098,153.898071289062,740447
2022-03-24,LIOC,35.3621445700121,35.3621445700121,32.0706788717061,32.3238677978515,583504
2022-03-24,NDB,52.8514521604022,52.8514521604022,50.5025013560983,51.3414115905761,42487
2022-03-25,COMB,59.4852455918303,60.8758112383815,58.6354597932348,58.7899627685546,411469
2022-03-25,DIAL,8.22567277251528,8.29911656082822,8.07878589630127,8.07878589630127,282369
2022-03-25,HNB,108.680409238243,109.510035708045,108.265602720748,109.095222473144,19569
2022-03-25,JKH,154.634442420522,155.125345412333,153.161733445088,154.14353942871,2325139
2022-03-25,LIOC,33.2522311503108,33.2522311503108,30.8047307102045,31.8174896240234,261457
2022-03-25,NDB,52.0125408094245,52.0125408094245,50.334716796875,50.334716796875,56166
2022-03-28,COMB,58.9444654695495,58.9444654695495,57.5538999822957,57.8629188537597,399401
2022-03-28,DIAL,8.29911793881301,8.29911793881301,8.00534343719482,8.00534343719482,343355
2022-03-28,HNB,108.680408935708,108.680408935708,99.5545782499467,99.761978149414,1632609
2022-03-28,JKH,155.616283884356,155.616283884356,151.19815595073,152.179962158203,400419
2022-03-28,LIOC,33.7586077521829,33.7586077521829,27.7664561639591,28.6948165893554,1076583
2022-03-28,NDB,50.334716796875,50.334716796875,50.166933321737,50.334716796875,501792
2022-03-29,COMB,57.9401727047463,58.2491851107504,55.6225634644362,55.7770729064941,325896
2022-03-29,DIAL,8.07878643355923,8.07878643355923,7.85845575437977,7.9318995475769,502936
2022-03-29,HNB,103.702683077069,105.776735798174,98.1027380431252,98.9323577880859,75854
2022-03-29,JKH,151.934494369908,153.161751998098,147.270915382786,149.23452758789,596640
2022-03-29,LIOC,29.3699880330574,29.9607643112582,24.4749905641264,26.3317146301269,653410
2022-03-29,NDB,50.3347198786743,50.7541750125908,48.069657144071,48.7407875061035,844328
2022-03-30,COMB,56.3951023418469,56.3951023418469,53.6912289918925,54.0774993896484,497970
2022-03-30,DIAL,7.93189957318319,7.93189957318319,7.49123821340171,7.56468200683593,986577
2022-03-30,HNB,99.1397598469647,99.554573059082,92.5027887575196,99.554573059082,262732
2022-03-30,JKH,149.234532063802,149.234532063802,139.416470743815,147.270919799804,839244
2022-03-30,LIOC,26.9224899569326,26.9224899569326,21.2679239989968,25.318956375122,705269
2022-03-30,NDB,48.6568952874691,50.3347193863339,43.6234229908747,47.4824180603027,143988
2022-03-31,COMB,59.0352580107211,59.0352580107211,52.1905879110336,53.6450805664062,172918
2022-03-31,DIAL,7.56468197048857,7.56468197048857,7.27090749857516,7.34435129165649,1012293
2022-03-31,HNB,101.332194207141,101.332194207141,89.2794680761432,97.5378189086914,17941
2022-03-31,JKH,142.361892700195,143.343698856748,140.398280387089,142.361892700195,435342
2022-03-31,LIOC,25.3189557637538,28.6948165322543,23.6310253795035,25.9941272735595,253053
2022-03-31,NDB,50.3347173838783,50.3347173838783,46.1401555137827,46.7273941040039,35745
2022-04-01,COMB,53.1317348154003,53.1317348154003,50.4794259030475,50.8216590881347,36449
2022-04-01,DIAL,7.34435071249107,7.34435071249107,7.19746383832362,7.27090692520141,33502
2022-04-01,HNB,95.5290303342027,95.5290303342027,89.2794727784675,89.7258682250976,8882
2022-04-01,JKH,141.380063050545,166.907018879115,121.498491684062,146.289093017578,72381
2022-04-01,LIOC,25.3189558782397,25.3189558782397,23.631025486357,23.8842144012451,15716
2022-04-01,NDB,49.4607603171609,49.4607603171609,47.2786676822061,47.4605102539062,3164
2022-04-04,COMB,50.9072135225138,55.4418082186155,48.7682579333078,51.3350067138671,199627
2022-04-04,DIAL,7.19746449445462,7.19746449445462,6.68336003779614,6.830246925354,870391
2022-04-04,HNB,89.725868438264,98.8770106207782,86.6010861024871,89.9490661621093,165383
2022-04-04,JKH,142.361860678229,147.270890356789,132.54380132111,139.416442871093,186294
2022-04-04,LIOC,23.6310226708127,27.7664529259935,21.9430924800404,24.0530052185058,258058
2022-04-04,NDB,46.3694645453236,47.2786701613208,43.6418513424213,45.8239440917968,51407
2022-04-05,COMB,51.3350069736031,53.9017592230027,50.9072137800853,52.1905899047851,111012
2022-04-05,DIAL,7.12402114437091,7.34435183964258,7.12402114437091,7.19746494293212,1897820
2022-04-05,HNB,91.0650656367014,93.7434455342397,89.2794766713521,92.8506546020507,20042
2022-04-05,JKH,139.416471160733,147.270920240211,139.416471160733,144.57095336914,170354
2022-04-05,LIOC,26.1629205275714,27.8508508841889,25.4033521890407,27.2600746154785,449851
2022-04-05,NDB,47.2786685292594,54.370470631193,45.4602573600365,52.9157409667968,13228
2022-04-06,COMB,54.3295487776765,54.6717819489966,51.3350068006987,52.2761497497558,180211
2022-04-06,DIAL,7.19746494293212,7.34435183964258,7.12402114437091,7.19746494293212,225462
2022-04-06,HNB,92.8506463260216,93.7434371786337,86.6903624593092,89.0116271972656,33525
2022-04-06,JKH,146.780020404684,146.780020404684,141.870989621918,142.361892700195,1371459
2022-04-06,LIOC,27.5132631603768,28.6948156821358,25.5721439198914,26.7536964416503,262180
2022-04-06,NDB,51.8246978952729,51.8246978952729,50.0062866754199,50.1881256103515,12529
2022-04-07,COMB,52.1905903650967,52.1905903650967,50.4794244876405,51.163890838623,58108
2022-04-07,DIAL,7.19746452879207,7.19746452879207,6.97713384619816,7.05057764053344,1310189
2022-04-07,HNB,91.06505797005,91.06505797005,86.6903628879042,88.029556274414,16746
2022-04-07,JKH,142.361860678229,142.361860678229,138.925539903237,139.416442871093,38365
2022-04-07,LIOC,27.7664569693294,27.7664569693294,22.7870608936656,23.2090435028076,303851
2022-04-07,NDB,52.7339028515259,52.7339028515259,47.2786692595884,49.2789230346679,8406
2022-04-08,COMB,50.9927753923808,51.2494520076719,47.0570903302753,49.0249328613281,258678
2022-04-08,DIAL,6.97713384619816,7.05057764053344,6.90369005186288,7.05057764053344,761062
2022-04-08,HNB,88.3866700890129,91.0650568284563,83.9226945569308,85.172607421875,44932
2022-04-08,JKH,138.434642444957,139.170996926047,136.471030495383,137.698287963867,347802
2022-04-08,LIOC,24.0530093582939,24.3905951326035,23.1246472716406,23.7154235839843,101673
2022-04-08,NDB,47.824192623669,52.3702169030271,47.2786685437175,48.5515556335449,60643
2022-04-25,COMB,45.3459240767273,46.2015070282348,42.7791752222047,43.5491981506347,164317
2022-04-25,DIAL,6.83024731070167,6.83024731070167,6.68336041485677,6.75680351257324,267950
2022-04-25,HNB,80.3515167236328,80.3515167236328,79.9051213020937,80.3515167236328,10811
2022-04-25,JKH,132.543812347236,132.543812347236,114.871304034271,127.880233764648,64412
2022-04-25,LIOC,21.9430948607703,21.9430948607703,20.9303359925327,21.2679233551025,156894
2022-04-25,NDB,44.5510559082031,44.5510559082031,44.5510559082031,44.5510559082031,6463
2022-04-26,COMB,42.7791748046875,43.2069645483393,42.7791748046875,42.7791748046875,3407498
2022-04-26,DIAL,6.60991621017456,6.68336000378571,6.5364724165634,6.60991621017456,280858
2022-04-26,HNB,77.6731428157669,77.6731428157669,76.8696253170232,77.5838623046875,4804
2022-04-26,JKH,114.871291501325,117.816709232128,114.871291501325,116.09854888916,33628
2022-04-26,LIOC,20.2551649140148,20.2551649140148,16.2041325751062,17.3012866973876,152419
2022-04-26,NDB,44.460131986446,44.460131986446,43.6418495178222,43.6418495178222,14653
2022-04-27,COMB,42.7791733892365,46.2015050486292,42.7791733892365,43.1214065551757,2462525
2022-04-27,DIAL,6.53647232055664,6.83024679027441,6.38958543590371,6.53647232055664,702306
2022-04-27,HNB,76.7803434805528,82.137110144109,75.8875525871123,80.0836868286132,160310
2022-04-27,JKH,114.13494390944,126.652970015636,114.13494390944,120.025779724121,186214
2022-04-27,LIOC,16.8793014526367,25.318952178955,16.8793014526367,21.0991268157959,1124125
2022-04-27,NDB,43.187247744472,43.9146107966251,42.2780421067359,42.6417236328125,90819
2022-04-28,COMB,43.5491944766399,45.345920251153,43.2069613249091,44.4903373718261,282500
2022-04-28,DIAL,6.6099163051263,6.90369008296714,6.46302941620588,6.68336009979248,4433691
2022-04-28,HNB,82.1371077843964,82.5835103192631,77.6731392434968,79.7265625,13868
2022-04-28,JKH,120.025781125763,120.025781125763,116.589460193737,117.571266174316,858541
2022-04-28,LIOC,23.6310236885095,24.7281777158674,18.5672328981146,23.2934379577636,470308
2022-04-28,NDB,42.73264647814,44.8238161511392,40.9142352141575,42.2780418395996,69016
2022-04-29,COMB,44.9181325749899,44.9181325749899,43.2069666071389,44.0625495910644,1220624
2022-04-29,DIAL,6.75680309698494,6.90368998379532,6.5364724165634,6.60991621017456,6113722
2022-04-29,HNB,82.8513495353535,82.8513495353535,75.8875547999605,77.0481872558593,53476
2022-04-29,JKH,119.780324796351,132.543802028749,119.534873311112,120.762130737304,59290
2022-04-29,LIOC,23.6310252346757,23.7154220753182,20.3395613275073,21.2679233551025,527652
2022-04-29,NDB,44.0964497118852,44.0964497118852,42.7326431913409,42.9144821166992,19240
2022-05-04,COMB,44.4903426281995,44.4903426281995,43.6347596477885,44.1481094360351,405725
2022-05-04,DIAL,6.60991621017456,6.83024689059609,6.60991621017456,6.60991621017456,1466792
2022-05-04,HNB,80.35151805064,80.35151805064,77.9409727931596,78.8337707519531,29060
2022-05-04,JKH,121.743963808001,122.725769967743,119.534899948582,121.498512268066,93854
2022-05-04,LIOC,24.7281777121086,29.4543843807749,23.1246442840077,28.1040382385253,1977350
2022-05-04,NDB,43.187244383826,44.5510545568491,42.7326434228779,43.0963249206543,92441
2022-05-05,COMB,44.4903413650915,44.4903413650915,44.0625481591045,44.4047813415527,214919
2022-05-05,DIAL,7.27090799823638,7.27090799823638,6.68336041485677,6.75680351257324,144688
2022-05-05,HNB,78.5659346390481,78.5659346390481,75.8875547803474,76.0661087036132,21825
2022-05-05,JKH,121.253043862276,127.389331507128,121.253043862276,126.652976989746,804926
2022-05-05,LIOC,29.5387829437158,31.2267133976424,28.2728351032709,28.7792129516601,2961422
2022-05-05,NDB,43.5509279037337,43.5509279037337,40.9142341886125,41.0051536560058,120554
2022-05-06,COMB,44.2336661878495,44.2336661878495,43.8914329942793,44.0625495910644,390364
2022-05-06,DIAL,6.97713420654658,6.97713420654658,6.75680351257324,6.75680351257324,135581
2022-05-06,HNB,76.6910611567611,77.5838591300521,76.3339462280273,76.3339462280273,5919
2022-05-06,JKH,125.671166204637,125.671166204637,121.743942260742,121.743942260742,27352
2022-05-06,LIOC,28.9480079902327,29.032406448546,26.6693027370613,27.4288711547851,1410793
2022-05-06,NDB,41.823439769973,41.823439769973,40.0050285527808,40.9142341613769,675006
2022-05-09,COMB,43.9769909251075,44.0625474914964,42.7791748046875,42.7791748046875,2089610
2022-05-09,DIAL,6.75680351257324,6.97713420654658,6.75680351257324,6.75680351257324,127858
2022-05-09,HNB,76.3339503362161,76.3339503362161,74.1019659343227,74.6376419067382,15357
2022-05-09,JKH,117.816729650707,122.72576005282,117.816729650707,122.480308532714,35084
2022-05-09,LIOC,28.4416290838874,30.5515421729077,25.318957068243,29.6231784820556,1119597
2022-05-09,NDB,40.9142333320229,40.9142333320229,39.5504267693186,39.9141082763671,94959
2022-05-12,COMB,42.7791759715879,45.1748082777744,42.7791759715879,44.3192253112793,348536
2022-05-12,DIAL,6.75680316360426,7.19746452879207,6.75680316360426,7.05057764053344,322316
2022-05-12,HNB,71.4235763656844,74.994754118823,71.4235763656844,73.8341217041015,1259454
2022-05-12,JKH,122.72573852539,122.72573852539,121.253029663085,122.72573852539,150965
2022-05-12,LIOC,29.3699884351723,30.9735236094618,28.6948169163295,29.5387821197509,470130
2022-05-12,NDB,38.9139840095192,40.9142341613769,38.9139840095192,40.9142341613769,50714
2022-05-13,COMB,45.3459246068495,47.0570905298691,44.6614582376416,46.2015075683593,369995
2022-05-13,DIAL,7.27090749857516,7.41779508473782,7.19746440590574,7.34435129165649,1076532
2022-05-13,HNB,75.3518654428595,75.3518654428595,73.3877227434355,74.548355102539,44755
2022-05-13,JKH,126.65296864229,137.452834185431,124.689356725356,125.180259704589,135328
2022-05-13,LIOC,29.9607605165632,33.7586033989444,29.9607605165632,32.661449432373,1182189
2022-05-13,NDB,41.7325203026402,41.7325203026402,40.4596331796236,40.9142341613769,111749
2022-05-17,COMB,46.5437377333785,47.4848806579083,46.5437377333785,46.9715309143066,268964
2022-05-17,DIAL,6.97713327407836,7.19746393860532,6.75680260955141,6.97713327407836,1189534
2022-05-17,HNB,75.8875507379748,75.8875507379748,73.6555593568178,73.9234008789062,203747
2022-05-17,JKH,135.489247506376,135.489247506376,128.616604516922,130.82566833496,32403
2022-05-17,LIOC,33.6742150786823,36.4592997859144,32.070679800851,35.4465408325195,1133947
2022-05-17,NDB,41.7325194870966,41.7325194870966,39.91410830544,40.005027770996,130636
2022-05-18,COMB,47.4848820957277,47.4848820957277,46.2870659910545,46.6292991638183,195259
2022-05-18,DIAL,6.97713327407836,7.05057706239131,6.97713327407836,6.97713327407836,1023421
2022-05-18,HNB,75.8875558218742,75.8875558218742,73.9234058312223,74.1019668579101,137882
2022-05-18,JKH,132.298357866608,135.980130348981,131.562003370133,132.789260864257,85685
2022-05-18,LIOC,37.8940358397837,38.8223962002622,32.914640256744,34.4337768554687,2055886
2022-05-18,NDB,40.9142333320229,41.0051527975127,39.0958221516909,39.9141082763671,19330
2022-05-19,COMB,46.6292996261268,46.6292996261268,45.3459234876118,45.6026000976562,83377
2022-05-19,DIAL,7.05057764053344,7.12402073445679,6.97713384619816,7.05057764053344,270331
2022-05-19,HNB,74.9947536792804,74.9947536792804,73.2984453216272,73.3877258300781,22638
2022-05-19,JKH,133.034702543908,133.034702543908,130.580187736825,131.071090698242,57751
2022-05-19,LIOC,35.6997223291648,35.6997223291648,33.5054144034792,33.8429985046386,752456
2022-05-19,NDB,40.4596315294249,40.4596315294249,38.641220386399,39.0049018859863,32186
2022-05-20,COMB,45.7737159729003,46.2015057085077,45.3459227814395,45.7737159729003,31525
2022-05-20,DIAL,7.05057696415617,7.34435071249107,7.05057696415617,7.27090692520141,726568
2022-05-20,HNB,74.1019654965343,74.1019654965343,71.869974006856,73.2091674804687,173935
2022-05-20,JKH,132.543808012243,133.525613997518,129.598390056415,129.843841552734,23765
2022-05-20,LIOC,33.8430040300766,37.9784348953601,33.8430040300766,36.2905044555664,778643
2022-05-20,NDB,39.0958244485121,39.0958244485121,38.0956993341004,38.1866188049316,76997
2022-05-23,COMB,45.7737166857346,46.6292996261268,45.5170400756902,45.6026000976562,39005
2022-05-23,DIAL,7.19746436918366,7.19746436918366,7.05057748418235,7.12402057647705,439202
2022-05-23,HNB,75.8875483662661,75.8875483662661,73.2091616329736,73.5662765502929,40325
2022-05-23,JKH,133.034713831325,133.034713831325,130.089295812919,130.334747314453,467267
2022-05-23,LIOC,38.4004166226177,45.3209319105882,37.3032625058658,43.5486030578613,2495994
2022-05-23,NDB,39.0958241748019,39.0958241748019,37.368336015656,37.8229370117187,44447
2022-05-24,COMB,45.7737166857346,45.7737166857346,45.5170400756902,45.6026000976562,75933
2022-05-24,DIAL,6.97713369147573,7.19746436918366,6.97713369147573,7.12402057647705,33063
2022-05-24,HNB,74.9947522373108,74.9947522373108,72.3163654391683,72.4949264526367,39727
2022-05-24,JKH,135.489247506376,135.489247506376,130.334765264285,130.82566833496,109821
2022-05-24,LIOC,50.215926552689,51.566269508334,45.5741182158858,48.7811851501464,6203523
2022-05-24,NDB,38.0047793004491,38.1866182394185,36.459130093761,37.3683357238769,40309
2022-05-25,COMB,46.2015032735672,46.2015032735672,45.3459203915905,45.4314804077148,49609
2022-05-25,DIAL,7.12402057647705,7.12402057647705,7.05057748418235,7.12402057647705,134875
2022-05-25,HNB,72.4949269080895,72.4949269080895,71.42357502249,71.5128555297851,52764
2022-05-25,JKH,130.580203112863,130.580203112863,127.880236507145,128.371139526367,284078
2022-05-25,LIOC,49.3719615698213,56.3768749322279,46.5868772020846,53.9293746948242,7433531
2022-05-25,NDB,37.2774110452512,37.2774110452512,35.4590035064041,35.6408424377441,83366
2022-05-26,COMB,45.3459243774414,45.6026009925226,44.49034142026,45.3459243774414,81809
2022-05-26,DIAL,7.12402004575426,7.12402004575426,6.68335942357849,6.90368938446044,1099804
2022-05-26,HNB,72.3163598965726,72.3163598965726,70.2629368029515,70.4414978027343,52647
2022-05-26,JKH,128.371137530304,128.371137530304,125.916622472363,126.652976989746,84978
2022-05-26,LIOC,54.8577368427501,54.8577368427501,49.7939457495732,53.3386001586914,1702106
2022-05-26,NDB,36.3682054236574,36.3682054236574,35.4590034775193,35.5499229431152,11880
2022-05-27,COMB,45.773714444375,46.0303875859975,44.918128090024,45.1748046875,31735
2022-05-27,DIAL,7.12402070046973,7.12402070046973,6.830246925354,6.830246925354,1085650
2022-05-27,HNB,70.3522217250719,70.530775635108,69.1915893554687,69.1915893554687,59501
2022-05-27,JKH,126.652972886286,126.652972886286,122.72574892082,123.216651916503,531671
2022-05-27,LIOC,53.0010136980364,53.1698073812363,50.3003244252539,50.8067054748535,1394080
2022-05-27,NDB,37.277410468133,37.277410468133,34.5497973795458,35.0043983459472,24880
2022-05-30,COMB,45.9448319213873,45.9448319213873,44.9181289672851,44.9181289672851,62253
2022-05-30,DIAL,7.05057760689676,7.05057760689676,6.830246925354,6.830246925354,726824
2022-05-30,HNB,69.1915928754849,71.4235772227366,69.1915928754849,69.9058227539062,24793
2022-05-30,JKH,123.707554232689,125.671166204637,121.743942260742,121.743942260742,555517
2022-05-30,LIOC,51.481879155848,51.481879155848,47.3464482309502,48.3592071533203,794967
2022-05-30,NDB,35.4590021124497,35.4590021124497,33.6405909999981,34.0951919555664,39566
2022-05-31,COMB,45.0036882245301,47.9126700869672,45.0036882245301,46.1159477233886,603792
2022-05-31,DIAL,6.90368938446044,7.12402004575426,6.75680251040186,6.90368938446044,1903383
2022-05-31,HNB,69.3701437112607,71.3342935420453,69.1915898000773,69.6379852294921,552496
2022-05-31,JKH,121.743942260742,122.725748246715,121.498490764248,121.743942260742,302634
2022-05-31,LIOC,47.2620504538565,47.852826728424,45.5741200805044,47.008861541748,1118753
2022-05-31,NDB,34.0951952408691,34.0951952408691,32.2767875982909,33.3678321838378,12165
