persona,ta,tl,tg,ra,rl,rg2,v2l,v2g,bg,bl,rv1,rv2
Rational (loss-neutral),0.9,1.05,0.1,0.50838,1.38816,0.07171,0.75535,0.10889,0.43631,0.32956,6.06298,5.3336
Rational (loss-neutral),0.9,1.05,0.1,0.4625,1.66632,0.06075,0.89849,0.08412,0.38779,0.34843,6.43353,5.80288
Rational (loss-neutral),0.9,1.05,0.1,0.51037,1.46234,0.07609,0.83694,0.11085,0.40079,0.33544,6.00948,5.38307
Rational (loss-neutral),0.9,1.05,0.1,0.53337,1.35151,0.09147,0.81367,0.13551,0.40592,0.33028,5.71556,4.92032
Rational (loss-neutral),0.9,1.05,0.1,0.4981,1.5317,0.06005,0.91972,0.09321,0.37447,0.3444,6.20976,5.79068
Rational (loss-neutral),0.9,1.05,0.1,0.5119,1.46335,0.09943,0.83372,0.14703,0.40505,0.3377,6.05543,5.22012
Canonical PT (T-K 1992),0.88,2.25,1.0,0.50365,1.17864,0.45892,0.66951,0.99202,0.46663,0.31241,8.83429,8.73278
Canonical PT (T-K 1992),0.88,2.25,1.0,0.55304,1.1985,0.50147,0.79746,0.96373,0.40565,0.32349,7.35269,7.36843
Canonical PT (T-K 1992),0.88,2.25,1.0,0.5345,1.15623,0.49641,0.71782,0.98293,0.44129,0.31676,7.85438,7.70664
Canonical PT (T-K 1992),0.88,2.25,1.0,0.5085,1.25723,0.45869,0.79198,0.9677,0.41055,0.32515,8.31939,8.06651
Canonical PT (T-K 1992),0.88,2.25,1.0,0.52739,1.30277,0.52304,0.76161,0.95928,0.41723,0.31777,7.37838,7.25699
Canonical PT (T-K 1992),0.88,2.25,1.0,0.48499,1.31018,0.45654,0.73134,0.94094,0.44438,0.32499,8.79367,8.58925
Strong loss-averse,0.8,3.5,1.0,0.51442,1.17508,0.46739,0.64827,1.01591,0.46655,0.30245,7.94813,7.42002
Strong loss-averse,0.8,3.5,1.0,0.50029,1.16579,0.46684,0.69003,1.01397,0.44239,0.30526,8.3687,7.96701
Strong loss-averse,0.8,3.5,1.0,0.54231,1.25026,0.55555,0.73489,1.04972,0.42646,0.3134,6.84036,7.01883
Strong loss-averse,0.8,3.5,1.0,0.52328,1.09989,0.47509,0.6448,1.00914,0.45869,0.29577,7.79862,7.75701
Strong loss-averse,0.8,3.5,1.0,0.50441,1.08527,0.4264,0.62174,0.98562,0.47717,0.29668,8.90411,8.47814
Strong loss-averse,0.8,3.5,1.0,0.53619,1.11358,0.4994,0.66602,1.02987,0.44731,0.29792,7.50192,7.42837
Loss-tolerant risk-seeker,0.95,1.2,0.5,0.53042,1.30502,0.35179,0.81205,0.64185,0.40938,0.33243,6.20757,6.28478
Loss-tolerant risk-seeker,0.95,1.2,0.5,0.47972,1.55587,0.37599,0.8385,0.76973,0.4107,0.34437,7.47473,7.77386
Loss-tolerant risk-seeker,0.95,1.2,0.5,0.49183,1.53311,0.37456,0.77699,0.74893,0.4312,0.33504,6.73205,7.12519
Loss-tolerant risk-seeker,0.95,1.2,0.5,0.50122,1.44882,0.34654,0.7843,0.65925,0.42335,0.33203,6.55329,6.78715
Loss-tolerant risk-seeker,0.95,1.2,0.5,0.48988,1.46822,0.37299,0.83627,0.75211,0.40781,0.34104,6.81476,6.97475
Loss-tolerant risk-seeker,0.95,1.2,0.5,0.52411,1.30107,0.35914,0.80407,0.65772,0.41,0.32967,6.40403,6.41463
FOMO chaser,0.88,1.8,4.0,0.78311,0.53756,1.78773,0.85413,2.19837,0.32869,0.28074,9.54695,11.21844
FOMO chaser,0.88,1.8,4.0,0.79381,0.55511,1.76041,0.89453,2.22056,0.31745,0.28397,9.3175,11.13386
FOMO chaser,0.88,1.8,4.0,0.77234,0.71282,1.58222,1.119,2.14129,0.27243,0.30485,8.20623,10.23053
FOMO chaser,0.88,1.8,4.0,0.76862,0.68465,1.54007,1.00537,2.14513,0.29175,0.29331,8.38216,10.38557
Rational (loss-neutral),0.9,1.05,0.1,0.53912,1.28723,0.08323,0.76021,0.12775,0.43214,0.32852,5.7466,5.09529
Rational (loss-neutral),0.9,1.05,0.1,0.51211,1.43458,0.05465,0.79822,0.07298,0.42029,0.33548,6.05705,5.55046
Rational (loss-neutral),0.9,1.05,0.1,0.53544,1.30424,0.07026,0.78545,0.09699,0.41792,0.32825,5.72484,4.69373
Rational (loss-neutral),0.9,1.05,0.1,0.48334,1.46228,0.06354,0.77315,0.10649,0.43466,0.33605,6.3084,5.98501
Rational (loss-neutral),0.9,1.05,0.1,0.52905,1.34469,0.09129,0.79477,0.13252,0.40952,0.32547,5.8455,4.939
Rational (loss-neutral),0.9,1.05,0.1,0.58715,1.15835,0.08364,0.81448,0.09736,0.38308,0.31201,5.0366,3.89574
Canonical PT (T-K 1992),0.88,2.25,1.0,0.50695,1.14254,0.4451,0.73928,0.96144,0.43868,0.32431,8.51329,8.15718
Canonical PT (T-K 1992),0.88,2.25,1.0,0.51529,1.24107,0.50947,0.79534,0.98423,0.40747,0.32408,8.26068,7.79335
Canonical PT (T-K 1992),0.88,2.25,1.0,0.50937,1.25728,0.51192,0.72088,0.97071,0.43876,0.31629,7.73006,7.59498
Canonical PT (T-K 1992),0.88,2.25,1.0,0.49065,1.43713,0.47843,0.78826,0.97372,0.42081,0.33171,8.17572,8.22413
Canonical PT (T-K 1992),0.88,2.25,1.0,0.52605,1.21906,0.48181,0.728,0.95732,0.43593,0.31736,7.89235,7.97793
Canonical PT (T-K 1992),0.88,2.25,1.0,0.53736,1.32516,0.50018,0.7682,0.92679,0.42521,0.32665,7.24885,7.43424
Strong loss-averse,0.8,3.5,1.0,0.49041,1.12178,0.44221,0.64805,0.97784,0.45826,0.29697,8.93731,8.60147
Strong loss-averse,0.8,3.5,1.0,0.52054,1.20989,0.49202,0.7055,0.99011,0.43488,0.30681,7.63141,7.54593
Strong loss-averse,0.8,3.5,1.0,0.53951,1.26292,0.5918,0.68708,1.07757,0.44427,0.30525,6.80329,6.89748
Strong loss-averse,0.8,3.5,1.0,0.50264,1.10543,0.45378,0.6028,1.01388,0.48625,0.29311,8.13783,7.88173
Strong loss-averse,0.8,3.5,1.0,0.53937,1.19048,0.53455,0.7265,1.05662,0.41676,0.30278,7.2439,7.11173
Strong loss-averse,0.8,3.5,1.0,0.54864,1.15119,0.54373,0.6827,1.07063,0.44307,0.30249,7.07034,7.00889
Loss-tolerant risk-seeker,0.95,1.2,0.5,0.46238,1.60648,0.36322,0.76794,0.76005,0.44479,0.34158,7.24569,7.65582
Loss-tolerant risk-seeker,0.95,1.2,0.5,0.49254,1.50677,0.36338,0.80999,0.71875,0.41261,0.33421,6.76552,7.28874
Loss-tolerant risk-seeker,0.95,1.2,0.5,0.46573,1.64162,0.36765,0.81662,0.73844,0.42047,0.34336,7.07685,7.70374
Loss-tolerant risk-seeker,0.95,1.2,0.5,0.54059,1.30523,0.40134,0.80177,0.69607,0.408,0.32712,5.98151,6.14018
Loss-tolerant risk-seeker,0.95,1.2,0.5,0.56524,1.16299,0.33597,0.75337,0.56629,0.42461,0.31989,5.70136,5.53966
Loss-tolerant risk-seeker,0.95,1.2,0.5,0.55331,1.31041,0.35492,0.84776,0.61824,0.38859,0.32943,5.61322,5.81295
FOMO chaser,0.88,1.8,4.0,0.7667,0.62036,1.66093,1.08089,2.20364,0.27331,0.29542,9.11646,10.87752
FOMO chaser,0.88,1.8,4.0,0.76126,0.7089,1.71152,1.09245,2.19104,0.27676,0.30234,8.30268,10.1167
FOMO chaser,0.88,1.8,4.0,0.7378,0.85582,1.60881,1.10621,2.12926,0.28132,0.3112,8.15918,10.10561
FOMO chaser,0.88,1.8,4.0,0.76094,0.81371,1.61294,1.20684,2.17634,0.25988,0.31364,8.14321,10.00254
Rational (loss-neutral),0.9,1.05,0.1,0.54471,1.31412,0.06901,0.82871,0.07904,0.39664,0.3287,5.54064,4.54298
Rational (loss-neutral),0.9,1.05,0.1,0.56111,1.34697,0.10011,0.91161,0.12672,0.36372,0.33157,5.32286,4.18637
Rational (loss-neutral),0.9,1.05,0.1,0.57084,1.30047,0.07336,0.91343,0.09032,0.35232,0.32182,5.07521,3.84875
Rational (loss-neutral),0.9,1.05,0.1,0.5322,1.34643,0.05925,0.8041,0.06398,0.40845,0.32843,5.77777,4.95773
Rational (loss-neutral),0.9,1.05,0.1,0.49218,1.56183,0.05916,0.75014,0.09008,0.4457,0.33434,6.4837,5.88072
Canonical PT (T-K 1992),0.88,2.25,1.0,0.50083,1.21591,0.45052,0.71189,0.95474,0.44649,0.31786,8.65009,8.64582
Canonical PT (T-K 1992),0.88,2.25,1.0,0.50264,1.24186,0.47251,0.74361,0.98602,0.44231,0.3289,8.85777,8.71493
Canonical PT (T-K 1992),0.88,2.25,1.0,0.49622,1.33201,0.4711,0.78011,0.9675,0.42036,0.32793,8.17288,8.32599
Canonical PT (T-K 1992),0.88,2.25,1.0,0.51681,1.27879,0.44086,0.80447,0.91651,0.40921,0.3292,8.30884,8.04817
Canonical PT (T-K 1992),0.88,2.25,1.0,0.50803,1.31765,0.48758,0.79601,0.95478,0.41385,0.32942,8.05281,8.02224
Strong loss-averse,0.8,3.5,1.0,0.51493,1.01334,0.45448,0.61456,1.00954,0.46772,0.28744,9.14889,8.65924
Strong loss-averse,0.8,3.5,1.0,0.53671,1.23319,0.56754,0.70968,1.04792,0.42729,0.30324,6.89407,6.73788
Strong loss-averse,0.8,3.5,1.0,0.51379,1.05731,0.44419,0.6317,0.98866,0.46594,0.29433,8.42352,8.01883
Strong loss-averse,0.8,3.5,1.0,0.48582,1.22452,0.49137,0.6756,1.0092,0.44919,0.30347,8.17526,7.95083
Strong loss-averse,0.8,3.5,1.0,0.53364,1.14764,0.48233,0.66765,0.98129,0.45469,0.30357,7.46016,7.30497
Loss-tolerant risk-seeker,0.95,1.2,0.5,0.45054,1.83816,0.3547,0.81837,0.76825,0.42745,0.34981,7.48721,8.04108
Loss-tolerant risk-seeker,0.95,1.2,0.5,0.55881,1.23168,0.34636,0.80608,0.5891,0.40133,0.32351,5.79815,5.71902
Loss-tolerant risk-seeker,0.95,1.2,0.5,0.56134,1.15729,0.33309,0.73738,0.56836,0.42674,0.31467,5.79747,5.70084
Loss-tolerant risk-seeker,0.95,1.2,0.5,0.46873,1.61147,0.37884,0.79985,0.73739,0.42368,0.33888,6.94353,7.07078
Loss-tolerant risk-seeker,0.95,1.2,0.5,0.50258,1.41031,0.3707,0.78354,0.70758,0.42453,0.33263,6.54948,6.67285
FOMO chaser,0.88,1.8,4.0,0.77708,0.65162,1.62611,1.05628,2.10817,0.28069,0.29649,8.52159,10.33894
FOMO chaser,0.88,1.8,4.0,0.7922,0.57386,1.61686,0.89939,2.15561,0.31468,0.28302,9.18029,10.90318
FOMO chaser,0.88,1.8,4.0,0.81734,0.54413,1.60177,0.9697,2.17948,0.29135,0.28252,9.48312,11.1418
FOMO chaser,0.88,1.8,4.0,0.79227,0.54423,1.69425,0.97278,2.21728,0.29554,0.2875,9.45952,11.19335
FOMO chaser,0.88,1.8,4.0,0.77349,0.65052,1.5559,0.90051,2.13664,0.31671,0.2852,8.97885,10.72837
Regret-immune veteran,0.85,2.5,0.1,0.47738,1.46339,0.04132,0.79444,0.0713,0.41787,0.33197,6.62102,5.67717
