ta,tl,tg,ra,rl,rg2,v2l,v2g,bg,bl,rv1,rv2
0.9774,2.258,3.5316,0.52373,0.68691,0.68347,0.67694,1.44463,0.47068,0.31862,10.34252,10.81772
0.8418,3.056,3.5144,0.52339,0.9549,0.67276,0.95317,1.72342,0.34479,0.32864,8.77683,10.66698
0.7792,2.2483,0.7733,0.40156,1.04437,0.27626,0.69256,0.85245,0.46248,0.3203,8.00456,7.96172
0.7568,2.0358,3.4153,0.6583,0.83308,0.95304,1.48044,2.00218,0.25342,0.37518,8.8039,10.76881
0.9711,3.8301,0.0756,0.38625,0.9186,0.01351,0.62798,0.07385,0.47003,0.29517,7.02264,6.61114
0.8055,3.2758,1.9415,0.4211,0.80654,0.40002,0.63412,1.26088,0.4828,0.30616,9.63941,10.09827
0.8225,1.2482,1.9674,0.55784,0.67803,0.68085,0.74476,1.45521,0.42952,0.31989,9.10496,9.90434
0.7842,1.6773,2.1596,0.63289,1.02632,1.06286,1.16023,1.53583,0.30231,0.35075,6.53636,7.48647
0.8697,3.7204,1.4363,0.40974,0.845,0.24799,0.63811,1.00412,0.47982,0.30618,9.33916,9.66907
0.9381,3.1547,0.4652,0.38779,1.01811,0.17975,0.65341,0.61337,0.48574,0.31739,7.5866,7.55674
0.8926,1.5677,0.2886,0.45418,1.01046,0.14193,0.71041,0.35678,0.46433,0.32986,6.80398,6.27805
0.9681,1.784,1.6259,0.57362,0.85934,0.51449,0.77785,1.04975,0.41116,0.31982,7.30519,7.53025
0.6055,4.4654,2.2488,0.39894,1.32106,0.52263,1.10265,1.87806,0.33877,0.37355,8.3685,10.15278
0.7153,1.6129,1.202,0.57108,0.92574,0.58796,0.88924,1.21057,0.36771,0.32698,6.87196,7.21049
0.9149,2.5773,3.6673,0.55876,0.76017,0.73004,0.77196,1.54871,0.40648,0.31379,9.09206,10.72591
0.8032,3.3512,3.5424,0.5413,0.98243,0.66694,1.10453,1.86992,0.31263,0.34531,8.77773,10.68896
0.7144,1.7372,3.4978,0.73646,1.11215,1.17143,2.9413,2.21426,0.14926,0.43901,8.40895,10.41212
0.7059,2.7431,1.1985,0.42586,0.86513,0.31815,0.66696,1.11875,0.47408,0.31619,8.97219,8.81725
0.6254,3.3716,3.7173,0.66557,2.08582,1.79881,6.94324,2.60781,0.09305,0.64606,7.21745,8.92008
0.9727,2.2183,4.1055,0.60816,0.53967,0.83572,0.6943,1.62424,0.44887,0.31165,10.52947,11.28648
0.932,2.3556,0.0947,0.49654,0.94467,0.04494,0.66856,0.12159,0.46048,0.30786,6.02169,5.41887
0.6586,3.6122,0.6808,0.33067,0.94164,0.21603,0.59202,0.86656,0.49462,0.29282,8.33,8.00412
0.6518,4.3033,2.6401,0.4475,1.11995,0.50543,1.19477,1.91353,0.31162,0.37231,8.63217,10.76382
0.7779,1.9244,2.916,0.59033,0.68815,0.76943,0.83508,1.82031,0.37803,0.31569,9.20412,10.74622
0.6852,1.5088,2.1723,0.63481,1.03473,1.11685,1.3333,1.83467,0.26941,0.35921,6.91836,8.41408
0.8914,4.0683,4.4509,0.53399,0.79297,0.63293,0.93759,1.80046,0.33284,0.31206,10.52498,11.79873
0.8736,3.3998,1.0766,0.38087,0.91149,0.21788,0.6822,0.90982,0.46072,0.3143,9.38694,9.30997
0.872,1.2292,4.4865,0.86836,0.62048,1.42068,1.50946,2.35728,0.20103,0.30344,9.60589,11.31939
0.9205,1.8562,4.268,0.69729,0.68521,0.95516,0.89937,1.9372,0.33929,0.30515,8.62555,10.53946
0.8205,4.0088,3.7366,0.50303,0.84548,0.51619,0.9752,1.83101,0.34007,0.33164,9.68501,11.40189
0.6423,2.6654,3.9947,0.68171,2.04513,1.39318,8.0,2.56255,0.02908,0.61795,8.25247,9.688
0.664,3.0508,3.7073,0.63624,1.97254,1.20765,6.73696,2.40803,0.0948,0.63869,8.05366,9.84874
0.7362,2.5617,0.7036,0.44336,1.03159,0.32148,0.65847,0.91475,0.46521,0.30633,6.77792,6.85405
0.7224,3.0774,1.2834,0.41133,0.92431,0.31022,0.68785,1.1163,0.45574,0.31348,9.03685,8.67053
0.7824,1.5292,3.8345,0.80932,0.89914,1.25688,2.47115,2.23314,0.15531,0.3838,9.17192,10.99109
0.8287,1.5047,4.353,0.81658,0.77126,1.38132,1.90685,2.31605,0.17881,0.34096,9.40489,11.08302
0.8357,3.8552,3.6484,0.5303,0.94862,0.71356,0.99158,1.81657,0.34109,0.33822,8.66853,10.40609
0.6668,1.7118,4.3108,0.76161,1.50553,1.60607,1.50553,2.63252,-0.0083,0.47967,9.551,10.98727
0.7691,4.1235,4.3477,0.61942,1.62092,0.72118,4.29614,2.07672,0.12061,0.51816,9.09041,10.92277
0.842,3.8021,1.7787,0.39717,0.78328,0.28872,0.61251,1.13608,0.491,0.30074,9.85112,10.42067
0.6519,2.9839,3.9621,0.65484,2.03549,1.45621,8.0,2.50788,0.06008,0.62061,7.86162,9.68406
0.6358,3.9041,1.3018,0.41971,1.06756,0.38473,0.77814,1.18765,0.40966,0.31878,7.58361,7.7168
0.6956,2.1821,2.3734,0.56511,1.1038,0.94658,1.34829,1.81053,0.28549,0.38492,7.49982,9.37557
0.7018,2.0344,3.521,0.71001,1.58855,1.24286,5.07715,2.30108,0.10364,0.52621,7.94238,9.9336
0.9921,2.0267,3.5909,0.56445,0.60787,0.70419,0.65112,1.46592,0.48722,0.31724,10.78987,11.36262
0.9098,1.068,0.5352,0.4573,0.99636,0.29788,0.74136,0.77603,0.44688,0.33129,7.33445,7.96462
0.9972,1.3464,4.1703,0.78005,0.5,1.07021,0.67678,1.73875,0.43127,0.29188,10.08937,11.52079
0.7583,1.5017,3.4628,0.74423,0.82252,1.20426,1.73708,2.20251,0.21285,0.36974,8.66794,10.7968
0.7569,4.3311,1.4027,0.42842,1.04861,0.37757,0.75576,1.12796,0.40936,0.30938,7.44322,7.24176
0.8152,1.0782,0.1486,0.50092,1.02784,0.09998,0.76973,0.21431,0.42718,0.32881,6.08616,5.59173
0.9529,3.0775,2.3702,0.44799,0.73423,0.37435,0.63936,1.17428,0.48758,0.31174,10.16507,10.97796
0.8225,2.8836,0.3791,0.36884,1.03522,0.15591,0.68032,0.56642,0.46697,0.31769,7.71146,7.6538
0.6222,1.162,2.4513,0.76911,1.37096,2.10271,3.00518,2.63732,0.14347,0.43114,5.23122,6.47464
0.9281,3.3401,2.2988,0.4279,0.78126,0.40136,0.62866,1.18547,0.48986,0.30795,9.95354,10.50202
0.8745,2.06,0.4971,0.4131,1.03789,0.22729,0.6729,0.66026,0.48372,0.32549,7.40853,7.21706
0.8805,3.551,0.3111,0.45458,0.98371,0.1219,0.64495,0.34666,0.46873,0.30231,6.18365,5.5981
0.876,1.6753,3.7667,0.7494,0.56498,1.01223,0.83237,1.96971,0.35606,0.29638,8.48787,10.60352
0.6311,2.5089,3.9936,0.72827,2.0726,1.97016,8.0,2.84489,0.03015,0.65622,7.43854,9.00811
0.7121,1.0108,0.4901,0.71723,0.85962,0.57379,0.78439,0.76057,0.33764,0.26484,3.51206,3.36729
0.8479,2.8331,0.8158,0.46989,1.14034,0.35596,0.75787,0.8221,0.42186,0.31972,6.35462,6.10182
0.6415,2.5119,2.9545,0.6125,1.57878,0.93263,3.66857,2.14862,0.14995,0.55012,7.99214,10.18621
0.7251,1.7851,0.819,0.43271,0.94038,0.29386,0.77756,0.90116,0.43356,0.33712,8.46655,8.45032
0.8926,2.5918,2.3816,0.47569,0.80018,0.51249,0.69446,1.30689,0.46055,0.31984,9.47463,10.12336
0.7306,3.5318,0.9436,0.37286,0.87372,0.21195,0.64638,0.90172,0.46997,0.30378,9.07048,8.85883
0.8896,4.4787,2.0931,0.44895,0.91602,0.39162,0.69474,1.18214,0.4455,0.30951,8.59445,8.17317
0.8559,1.3441,3.6582,0.75242,0.79622,1.17759,1.2624,2.04521,0.26461,0.33405,7.35627,9.56646
0.8584,2.1874,1.4334,0.43118,0.89446,0.34718,0.73036,1.04949,0.45356,0.33126,9.3544,9.48474
0.9455,2.2898,4.4117,0.6521,0.56458,0.99458,0.754,1.96841,0.40129,0.30257,9.7845,11.25126
0.908,3.6072,1.6306,0.41571,0.94127,0.29116,0.67657,1.0306,0.4661,0.31535,9.17152,9.0406
0.8602,3.9786,0.3225,0.33783,0.98864,0.09462,0.67636,0.39555,0.46119,0.31193,7.89912,7.9354
0.8384,4.1771,1.2309,0.4044,1.07332,0.31279,0.70518,0.98884,0.43939,0.30985,7.49017,7.3436
0.776,1.3374,3.6092,0.77809,0.83002,1.3438,1.71263,2.29222,0.21342,0.3655,8.24653,10.52497
0.9339,3.6943,4.0505,0.55865,0.6264,0.53985,0.71248,1.59419,0.43641,0.31093,10.33392,11.43536
0.9563,3.6331,1.9475,0.48342,0.90751,0.40315,0.72368,1.10354,0.43883,0.31757,8.25893,7.84199
0.6961,3.8041,3.8167,0.5896,1.92842,0.64042,8.0,1.95414,0.06188,0.56137,9.80442,11.4239
0.9173,1.8731,3.703,0.64525,0.56049,0.85387,0.68189,1.73352,0.43462,0.29636,9.6565,11.19027
0.7385,4.4586,1.5484,0.39546,0.84284,0.28748,0.58906,1.14338,0.48976,0.2885,9.10892,8.8028
0.6695,1.1391,3.815,0.78811,1.59827,1.79078,8.0,2.71669,0.0195,0.50807,8.23532,10.1082
0.664,2.4346,2.4879,0.54421,1.20046,0.85343,1.55064,1.90443,0.26955,0.41797,7.77392,9.73055
0.6599,2.0665,0.6664,0.42896,1.05004,0.33195,0.7147,0.94751,0.44576,0.31859,7.25381,7.21328
0.8212,2.4768,1.252,0.41943,0.92487,0.28712,0.73618,0.97292,0.44451,0.32724,9.23054,9.26293
0.832,3.594,2.7788,0.47763,1.00486,0.69553,0.8829,1.47768,0.37074,0.32732,8.11612,9.09142
0.8831,3.2758,1.8335,0.43819,0.85843,0.35018,0.67258,1.09562,0.47199,0.31745,9.11733,9.21546
0.7532,1.4174,4.3643,0.80749,1.39754,1.44854,8.0,2.44093,0.03391,0.47153,9.74838,11.27438
0.9508,2.5712,0.0666,0.46816,0.9574,0.02715,0.67245,0.07266,0.45804,0.30801,6.135,5.12291
0.9173,4.3332,1.971,0.41185,0.75558,0.24641,0.58043,1.06575,0.50385,0.29245,9.75047,10.53534
0.7849,4.2298,2.0549,0.42274,0.82373,0.37546,0.64761,1.25081,0.46127,0.29873,9.24485,9.64745
0.8143,4.1356,3.273,0.46503,0.81494,0.50314,0.73126,1.77233,0.41256,0.30169,9.51174,11.09168
0.6016,3.1314,3.1481,0.5714,2.06428,0.78627,8.0,2.19234,0.06754,0.60704,8.91089,10.58365
0.6627,1.6551,2.0876,0.60199,1.01861,1.05357,1.23297,1.79773,0.29349,0.36187,7.10857,8.80708
0.9785,1.5607,0.723,0.48266,1.01309,0.34867,0.73227,0.81384,0.44677,0.32715,6.64937,6.72626
0.9354,3.4225,0.9724,0.41794,1.10908,0.30847,0.70039,0.85543,0.4578,0.32063,7.26767,7.06731
0.741,2.1139,3.9464,0.71878,1.41379,1.23409,4.24934,2.32962,0.11754,0.49945,8.06338,10.01869
0.7731,4.1632,4.1994,0.59744,1.43409,0.7097,3.53671,1.97526,0.13875,0.49072,9.42521,11.12923
0.6082,1.6349,1.7404,0.52764,1.00649,0.78308,1.10897,1.72277,0.32055,0.35548,7.93245,9.49912
0.8474,1.6798,3.9409,0.73972,0.84501,1.32552,1.35706,2.18121,0.25804,0.35017,7.56972,9.75669
0.6361,2.4235,3.7873,0.67837,1.9814,1.63775,8.0,2.69408,0.04811,0.59087,7.68908,9.54505
0.7092,2.3655,3.3955,0.68854,1.53175,1.3889,3.25613,2.37803,0.16583,0.53995,7.27867,9.38433
0.6044,1.5591,2.1205,0.69449,1.41685,1.25036,2.52403,2.17264,0.19408,0.48987,6.7701,8.49074
0.8247,2.2552,1.8244,0.45,0.82302,0.45575,0.71693,1.22944,0.45312,0.32485,9.5792,9.76855
0.6901,3.1997,3.0372,0.53987,1.31501,0.71584,1.88185,1.96153,0.23816,0.44819,8.36501,10.43188
0.6208,2.0661,3.9662,0.72645,1.87391,1.53892,1.87391,2.6876,-0.00696,0.56935,8.36056,9.92588
0.9641,2.8516,0.2964,0.43739,0.95778,0.111,0.64713,0.31009,0.48936,0.31668,6.95678,6.1739
0.9534,1.2499,3.2045,0.68389,0.71736,1.03308,0.8505,1.63834,0.37296,0.3172,7.6609,9.30994
0.6892,3.0407,3.8554,0.62843,1.8998,0.79999,8.0,2.02171,0.05403,0.56258,9.9211,11.3368
0.8555,1.2511,2.9118,0.67435,0.74146,1.10367,0.92165,1.76204,0.34738,0.32016,7.84887,9.41271
0.9313,4.484,3.2056,0.44949,0.74734,0.42819,0.62699,1.33371,0.47709,0.29913,9.77692,10.7282
0.6935,1.0788,1.3929,0.57622,0.80591,0.73342,0.85601,1.41125,0.3858,0.33025,7.684,8.5007
0.9447,3.9911,0.9458,0.3546,0.97886,0.21146,0.61365,0.78973,0.49881,0.3061,8.4939,8.40532
0.6583,3.1063,4.0883,0.65839,2.14921,1.55805,8.0,2.5428,0.04201,0.64613,7.74846,9.48707
0.9903,3.7015,4.4144,0.53964,0.72444,0.59022,0.72525,1.52254,0.42793,0.31035,10.20787,11.19254
0.6281,3.0856,3.1878,0.65794,1.8346,1.52165,4.46533,2.42159,0.13669,0.61038,7.186,9.07669
0.9758,2.0764,2.144,0.4612,0.76075,0.40458,0.69542,1.18813,0.46702,0.32478,10.22725,11.35411
0.8991,4.2961,2.4548,0.43215,0.76492,0.36932,0.61568,1.26539,0.49052,0.302,9.64565,10.16847
0.8213,1.8139,3.1101,0.63396,0.78446,0.8386,0.99022,1.82185,0.32804,0.32484,8.10498,10.09799
0.65,2.793,2.2064,0.46622,1.08054,0.61219,1.1785,1.74667,0.32607,0.38427,8.41941,10.02616
0.8254,2.3972,0.2195,0.44522,1.08371,0.08627,0.79957,0.22187,0.40695,0.32538,6.46,5.24744
0.6859,1.2642,2.7052,0.70896,0.96408,1.22393,1.58036,2.27988,0.23814,0.37635,7.68485,9.89124
0.7377,3.1228,4.1341,0.66329,1.67472,0.8588,6.96808,2.00101,0.07367,0.51336,10.26937,11.55287
0.9442,1.3908,3.7208,0.6874,0.72326,1.0636,0.87073,1.73036,0.35551,0.30955,7.81057,9.63591
0.8311,2.9998,1.0256,0.39982,0.88911,0.22563,0.64631,0.91443,0.47617,0.30775,9.08583,9.16658
0.8511,1.3508,0.9388,0.63336,0.89127,0.61508,0.73461,1.03577,0.39836,0.29263,5.11248,5.65288
0.8553,4.4701,0.4353,0.37049,0.91138,0.15308,0.56265,0.54595,0.52251,0.29399,7.62937,7.41134
0.7378,3.1878,3.5288,0.58095,1.21664,0.79289,1.88307,1.98174,0.23577,0.44397,8.65142,10.77196
0.989,4.0775,3.475,0.48733,0.67274,0.44386,0.62101,1.34203,0.49648,0.30832,10.19553,10.77605
0.8548,1.6927,0.9654,0.48221,0.98199,0.39189,0.77133,0.93977,0.42086,0.32462,7.5357,7.627
0.9033,4.2604,1.1111,0.36967,0.91312,0.20453,0.63331,0.86399,0.47855,0.30307,9.58418,9.25011
0.9313,2.0846,1.6988,0.46117,0.9084,0.4006,0.73254,1.07228,0.45408,0.33263,9.09344,9.20987
0.7412,2.1229,2.3483,0.54389,1.00735,0.80676,1.05482,1.61908,0.32615,0.34403,7.7211,9.39166
0.9724,3.5875,0.8078,0.42782,1.05021,0.26427,0.64722,0.70301,0.48526,0.31407,7.02077,6.45218
0.732,4.1733,1.9038,0.41193,0.9247,0.38912,0.70341,1.24632,0.43472,0.30578,8.86676,9.2284
0.7221,1.5185,0.5879,0.48146,0.97903,0.33143,0.76418,0.86725,0.41736,0.31894,6.82995,7.48192
0.8595,1.046,0.804,0.47871,0.92128,0.34006,0.81686,0.9047,0.41479,0.33883,8.23371,8.55821
0.9922,1.6646,0.4436,0.4122,1.05334,0.20886,0.71846,0.61358,0.46569,0.33458,7.57571,7.39367
0.8143,3.1055,0.4168,0.40905,1.03254,0.16829,0.68279,0.51634,0.45765,0.31248,7.00065,6.39886
0.6099,3.3086,0.4656,0.49342,1.40828,0.27499,0.92023,0.54323,0.34185,0.31458,4.32644,4.18772
0.6437,1.4359,1.0927,0.568,0.98117,0.71275,0.95617,1.28881,0.34689,0.33169,6.6131,7.09942
0.8521,3.6215,3.2657,0.47227,0.86908,0.57865,0.77558,1.56711,0.40287,0.31246,9.37693,10.65346
0.7093,2.3629,1.3603,0.44064,0.96032,0.40755,0.8145,1.18534,0.40772,0.33209,8.69857,8.52674
0.9571,1.2252,0.267,0.47143,1.03349,0.15657,0.74303,0.35545,0.44339,0.32945,6.47846,5.95546
0.9488,3.7906,3.5385,0.4868,0.74662,0.52063,0.66507,1.38126,0.45784,0.3045,9.6874,10.57448
0.8074,2.6815,3.6178,0.61624,1.09029,0.97112,1.52116,1.93909,0.26261,0.39948,7.85509,10.01985
0.8568,3.7964,0.0696,0.40069,0.96993,0.02087,0.68979,0.09268,0.43666,0.30121,6.67167,5.61631
0.9782,4.0186,1.5606,0.42657,0.92171,0.27736,0.65952,0.94481,0.46938,0.30957,8.55405,8.32807
0.9603,2.79,3.677,0.51865,0.72448,0.6684,0.70778,1.43149,0.44672,0.31618,9.75273,10.67021
0.9984,2.424,2.3301,0.49516,0.8669,0.4831,0.75254,1.1533,0.43797,0.32959,8.73068,9.14437
0.754,4.0604,4.4664,0.63351,1.87199,0.84992,5.87754,2.13877,0.09325,0.54809,8.87529,10.70245
0.8101,2.7707,3.1162,0.537,0.8347,0.61281,0.87702,1.67714,0.37051,0.32495,8.90389,10.79434
0.689,4.0032,2.3804,0.47373,1.34958,0.71709,1.27237,1.53867,0.31289,0.39811,7.54102,8.17858
0.8882,2.777,2.7933,0.50879,0.83166,0.6293,0.72762,1.36399,0.42948,0.3125,8.77701,9.7621
0.6771,1.7593,1.6966,0.50175,0.91903,0.72133,0.83865,1.44215,0.38813,0.32551,8.3261,9.60375
0.9393,4.2316,1.0197,0.36859,1.0157,0.24091,0.58957,0.82247,0.51538,0.30385,8.32437,8.2074
0.8554,2.9535,1.287,0.43954,0.92108,0.32177,0.67445,0.98513,0.45733,0.30845,8.34726,7.8612
0.993,1.1414,0.5525,0.49958,0.92871,0.27954,0.7381,0.65736,0.43088,0.31803,6.62339,7.57889
0.9472,2.625,3.6049,0.52878,0.76907,0.68337,0.74612,1.45207,0.42458,0.31679,9.42424,10.57743
0.974,1.6406,1.0075,0.44844,0.93101,0.26552,0.81452,0.85802,0.41482,0.33788,8.71246,9.08985
0.9281,2.1887,2.6645,0.49936,0.76682,0.56411,0.72795,1.31935,0.44633,0.32491,9.57832,10.31691
0.8782,3.9404,4.3394,0.53459,1.09207,0.77963,1.12904,1.90486,0.30594,0.34542,8.36667,10.28086
0.7725,3.0604,4.2505,0.66183,1.71673,1.09814,4.60661,2.18685,0.11963,0.55108,8.10913,10.03438
0.8396,2.1126,0.5923,0.38613,1.01797,0.24557,0.6608,0.8299,0.48576,0.32099,7.93774,7.85378
0.9756,3.0422,3.4991,0.50142,0.70354,0.53548,0.6596,1.33723,0.47296,0.31197,10.21251,10.93971
0.6368,2.7269,3.179,0.60918,1.61202,0.92247,4.41607,2.20104,0.12494,0.55173,8.22132,10.25952
0.8267,1.8884,1.745,0.60194,0.96605,0.75089,0.91788,1.30552,0.35465,0.32553,6.52995,6.96912
0.9494,2.1177,2.6957,0.5171,0.75296,0.5426,0.73184,1.33384,0.44526,0.32586,9.43896,10.26365
0.6045,2.1595,2.9808,0.72384,1.98159,1.70855,5.90272,2.66468,0.10374,0.61234,6.81799,8.44461
0.9966,2.0215,0.0918,0.44608,0.96792,0.03373,0.67895,0.08958,0.46834,0.31798,6.74995,6.10398
0.6667,3.3814,3.9549,0.61114,2.14462,0.84168,8.0,2.16021,0.01238,0.60322,9.56194,10.94973
0.9015,4.063,4.0785,0.49435,0.8797,0.56475,0.81883,1.79889,0.38053,0.31159,9.73266,11.09905
0.6351,2.9329,2.5625,0.52464,1.45702,0.86851,2.09835,1.97599,0.23045,0.48357,7.79339,9.62088
0.6703,3.258,3.8716,0.67015,1.93381,1.27892,6.394,2.43866,0.09582,0.61269,7.67459,9.48203
0.7788,1.2503,0.3971,0.4362,1.05092,0.2527,0.74754,0.68771,0.44645,0.33374,7.02103,7.25619
0.8737,1.4063,4.0845,0.79576,0.64576,1.32824,1.09428,2.196,0.28309,0.30978,8.25573,10.44037
0.7542,2.1135,0.4913,0.5951,1.04973,0.33715,0.77069,0.5921,0.39909,0.30757,4.6894,4.21822
0.9865,1.1941,3.3548,0.66954,0.55725,0.88195,0.6873,1.57976,0.44406,0.3052,9.26155,10.38297
0.8451,3.9222,2.6394,0.45283,0.89468,0.56739,0.74041,1.36209,0.42741,0.31646,8.84901,9.70699
0.6793,1.8938,2.5003,0.72219,1.44437,1.57544,2.30663,2.04456,0.20751,0.47864,6.09096,7.41115
0.8544,1.3485,3.8744,0.77086,0.67984,1.36523,1.06244,2.25379,0.29445,0.31284,8.07207,10.23121
0.8754,1.8277,1.7528,0.49832,0.8519,0.4744,0.75665,1.1477,0.43401,0.32839,8.65919,9.08374
0.9873,1.8049,0.1058,0.44395,1.03193,0.04063,0.79247,0.09497,0.42508,0.33686,6.75796,6.38611
0.8927,2.7024,1.5126,0.41945,0.87931,0.31064,0.71025,1.03062,0.45504,0.32319,9.47269,9.64363
0.9849,2.259,0.7424,0.38034,1.01781,0.22694,0.69518,0.79346,0.46967,0.3265,8.21704,8.12768
0.7274,1.2343,4.1248,0.79406,1.58957,1.69889,8.0,2.62919,0.06412,0.52362,7.80394,10.01053
0.7743,3.37,1.7512,0.43145,0.97584,0.4145,0.73958,1.19801,0.42692,0.31574,8.47224,8.49207
0.7917,3.745,4.3759,0.61183,1.65102,0.99244,4.08746,2.13816,0.12982,0.53062,8.25888,10.37999
0.8594,2.6719,2.2623,0.45358,0.76532,0.45335,0.66434,1.31994,0.47708,0.31694,9.92176,10.49801
0.8484,1.3666,2.7257,0.6426,0.87544,1.05355,1.03721,1.68032,0.32308,0.3351,7.24105,9.03345
0.9303,1.3089,4.2252,0.76626,0.65315,1.12372,0.97476,2.0393,0.31536,0.3074,8.16942,10.22842
0.7742,1.2257,1.5099,0.66244,0.88256,0.90076,0.97526,1.37567,0.33188,0.32367,5.93111,6.19047
0.7412,1.5679,2.8782,0.66903,0.9688,1.01295,1.4254,2.00669,0.25696,0.36627,7.52888,9.61162
0.9903,1.0614,2.2405,0.59463,0.67359,0.66004,0.74067,1.3695,0.42754,0.31667,8.99089,10.31891
0.7122,1.4565,3.7147,0.78815,1.79455,2.04161,6.65933,2.85167,0.08509,0.56663,7.03425,9.01129
0.6686,3.2162,3.4876,0.60832,1.80338,0.93982,5.1014,2.18689,0.11327,0.57786,8.23442,10.2921
0.6365,2.4893,3.4715,0.66426,1.84488,1.14443,8.0,2.3453,0.05865,0.59506,8.41877,10.07826
0.6296,3.5351,2.0274,0.5005,1.6449,0.78514,1.75392,1.57505,0.25384,0.44521,7.08055,7.65782
0.8685,1.9085,2.74,0.60281,0.76099,0.837,0.83399,1.48598,0.38124,0.31795,8.04796,9.70486
0.7326,4.2057,0.7032,0.38548,1.07175,0.27098,0.62745,0.86917,0.4778,0.29979,7.06044,6.73948
0.699,1.203,2.3417,0.69157,1.08406,1.26321,1.56024,2.09317,0.24805,0.38701,6.7477,8.23766
0.7396,2.9605,1.9856,0.44017,0.97686,0.55085,0.78822,1.34725,0.41231,0.32499,8.51992,9.06867
0.6372,1.9713,0.3367,0.40731,1.08311,0.19841,0.73343,0.58983,0.43382,0.31817,6.7175,6.57764
0.8349,3.5882,1.7684,0.40561,0.84132,0.30311,0.65435,1.14609,0.47262,0.30926,9.62849,9.96471
0.9526,1.584,2.3789,0.52179,0.66707,0.50031,0.68908,1.2606,0.46251,0.31871,10.15416,11.33405
0.6614,2.2191,0.8224,0.46326,0.9453,0.39768,0.68996,1.05121,0.4399,0.30351,7.00316,6.88104
0.9615,4.3528,1.6544,0.3866,0.83615,0.2411,0.63256,1.01668,0.47784,0.30226,9.74865,10.26234
0.9188,4.1965,4.4888,0.55528,0.71892,0.62956,0.85288,1.84527,0.36964,0.31526,9.71064,11.02994
0.8369,1.6503,1.8844,0.63004,0.93694,0.83454,0.9597,1.38587,0.34245,0.32865,6.42343,7.13606
0.6552,4.1679,0.2142,0.34006,0.93563,0.07026,0.56282,0.30077,0.49515,0.27868,7.15553,6.27244
0.8376,3.5951,2.7717,0.46107,0.78337,0.47814,0.67773,1.31867,0.45033,0.3052,9.68828,10.85111
0.9437,3.485,0.2195,0.38242,0.98433,0.07024,0.65953,0.24551,0.47196,0.31127,7.31488,6.84402
0.771,2.7693,1.1491,0.43871,0.93535,0.32768,0.70295,1.02651,0.45161,0.31746,8.43343,7.97198
0.7189,3.4391,3.8036,0.61672,1.64485,0.6876,5.05938,1.92614,0.10293,0.52076,9.7181,11.4264
0.7,3.1234,1.285,0.51745,1.25792,0.65783,0.99644,1.21394,0.34036,0.33915,5.75532,6.16114
0.9896,1.0843,1.8942,0.60639,0.78682,0.63132,0.83085,1.16989,0.39195,0.32565,7.37535,8.26667
0.8042,2.4947,2.9286,0.54706,0.99508,0.82802,1.09738,1.69171,0.3225,0.3539,7.89637,9.70547
0.8831,4.0762,1.0491,0.36358,0.97994,0.239,0.68714,0.87507,0.449,0.30853,8.65191,8.45845
0.967,1.3344,1.1705,0.54542,0.87689,0.43803,0.83765,0.95317,0.39227,0.32858,7.59204,7.74944
0.6758,3.4825,2.9657,0.5262,1.50796,0.71765,2.18224,1.96247,0.22841,0.49845,8.05881,10.41321
0.9424,3.213,0.5306,0.405,1.01473,0.19136,0.64806,0.61964,0.48716,0.31571,7.38364,7.11205
0.8125,3.5003,4.331,0.63899,1.01168,0.70238,1.93893,1.86117,0.19917,0.38618,9.93581,11.5872
0.8537,1.3467,4.4901,0.81462,0.78483,1.46883,1.93665,2.35055,0.1768,0.34239,8.8757,10.82424
0.9966,2.3934,1.5625,0.4313,0.87306,0.32551,0.70327,0.98637,0.46956,0.33023,9.34978,9.25956
0.6812,1.783,2.9752,0.72248,1.25729,1.49699,2.42389,2.38172,0.1947,0.47193,7.14706,8.99573
0.9985,3.5028,3.494,0.49557,0.80963,0.54325,0.71073,1.35421,0.44499,0.31627,9.24827,10.18122
0.6361,1.7498,1.0209,0.58588,1.07837,0.68126,1.02879,1.23319,0.32586,0.33525,5.77307,6.2232
0.6915,2.9686,4.1897,0.66751,2.05701,1.14622,8.0,2.4168,0.03311,0.61986,8.23621,10.04473
0.9614,1.1358,4.1146,0.79895,0.50179,1.09081,0.766,1.96897,0.3791,0.2904,8.55111,10.47977
0.7241,3.3774,1.8427,0.41378,0.82645,0.41464,0.6407,1.24717,0.46331,0.29685,9.27374,9.87523
0.6517,1.9324,1.0972,0.56836,1.06158,0.64045,0.96284,1.1973,0.34614,0.33327,5.94099,6.59213
0.7385,4.1942,3.8651,0.582,1.64166,0.97909,2.93333,2.11225,0.18355,0.53841,7.90548,9.86234
0.8461,1.688,3.8853,0.74022,0.55722,1.15108,0.97924,2.08203,0.31157,0.3051,9.57651,11.26458
0.814,1.9068,1.0531,0.57514,0.93461,0.56891,0.80001,1.12901,0.3861,0.30889,5.94489,6.33929
0.9294,1.4655,2.3383,0.62561,0.80224,0.77235,0.83312,1.3987,0.38751,0.32284,7.29507,8.26423
0.647,3.7512,3.4854,0.62954,1.95586,1.22711,4.49997,2.35583,0.13565,0.61042,7.50672,9.28266
0.7549,3.5336,4.1416,0.62198,1.6261,0.87822,3.94319,2.14727,0.13443,0.53009,8.33592,10.43326
0.9913,4.3574,1.4488,0.38751,0.8336,0.2207,0.64239,0.95312,0.46534,0.29893,9.63904,10.0168
0.9741,3.5069,4.4218,0.56919,0.63006,0.64905,0.70516,1.65887,0.42854,0.30219,10.53771,11.68752
0.995,3.7962,1.5541,0.4437,0.98216,0.3214,0.7531,0.96739,0.42524,0.32025,7.97639,7.7568
0.6727,4.419,0.1248,0.39524,1.05796,0.03166,0.62616,0.18923,0.45745,0.28644,6.0169,4.96045
0.9756,1.2759,3.9463,0.76684,0.5,1.06137,0.66506,1.74354,0.4352,0.28943,9.32919,10.90286
0.9992,3.8156,1.9015,0.41444,0.82584,0.26389,0.63456,1.02139,0.48912,0.31037,9.48334,9.7652
0.8614,2.7187,1.4894,0.44563,0.92973,0.34423,0.72175,1.03337,0.4477,0.32313,8.84798,8.76314
0.8608,2.2832,3.7149,0.61454,0.60825,0.89195,0.80375,1.90609,0.38166,0.30676,9.7588,11.22854
0.638,2.2318,0.1507,0.38385,1.03786,0.07787,0.70087,0.27976,0.45739,0.32057,7.03782,6.02951
0.9093,4.0331,3.3819,0.46636,0.76964,0.48232,0.65831,1.40078,0.46503,0.30613,9.96027,11.0104
0.7795,3.9092,1.3507,0.37628,0.83934,0.23806,0.59146,1.04328,0.51146,0.30251,9.59646,9.15314
0.8715,1.4006,3.2168,0.70792,0.55783,0.89605,0.73592,1.74055,0.40632,0.29902,8.80557,10.43694
0.6877,4.0939,3.8032,0.60601,1.6866,0.69327,5.42347,2.10693,0.10294,0.55831,8.73268,10.7518
0.8236,2.3045,1.4779,0.51788,1.01639,0.5506,0.83551,1.17738,0.38819,0.32433,7.24644,7.18568
0.7277,2.2957,2.6891,0.58193,1.23417,1.10743,1.57206,1.91338,0.25757,0.40491,7.2214,8.84551
0.8175,3.9449,3.3753,0.48283,1.01063,0.60605,0.95019,1.72511,0.35723,0.33944,8.64363,10.34905
0.9913,1.0767,1.1736,0.47794,0.91411,0.39986,0.8712,1.02001,0.39743,0.34624,8.85173,9.13318
0.8196,3.3785,3.4752,0.53126,1.09298,0.86524,1.18141,1.78471,0.30582,0.3613,8.069,9.94435
0.9986,3.5687,1.9285,0.4379,0.90543,0.34754,0.65149,1.03956,0.47582,0.30999,8.89682,8.65784
0.9717,3.2498,3.7727,0.53009,0.65793,0.5657,0.6438,1.40141,0.47758,0.30746,10.14212,11.11225
0.924,2.2826,3.9572,0.64134,0.60451,0.82905,0.74823,1.79989,0.4114,0.30782,9.50696,10.79027
0.8993,4.3036,0.0106,0.37259,0.90549,0.0,0.59213,0.0,0.48461,0.28695,7.15291,6.26238
0.7643,3.7877,3.1886,0.47279,0.99083,0.60971,0.97286,1.87179,0.34512,0.33576,8.91203,10.8192
0.9308,1.6888,3.5422,0.64631,0.60262,0.82565,0.71301,1.63498,0.4248,0.30288,9.19719,10.52958
0.8139,3.8381,0.5111,0.37894,1.03556,0.19451,0.66665,0.63439,0.46641,0.31093,7.39128,7.29621
0.9299,4.4481,3.7456,0.5346,0.63052,0.48647,0.60816,1.52667,0.48623,0.2957,10.1093,10.92555
0.6186,4.1595,1.6211,0.41173,1.25014,0.45288,1.00875,1.29507,0.34998,0.35305,7.75337,8.03797
0.8478,3.8302,3.8545,0.51334,0.83975,0.60545,0.92272,1.80744,0.35147,0.32431,9.57289,11.16154
0.6161,4.1265,3.9838,0.60956,2.27085,0.95235,8.0,2.31946,0.0138,0.59594,9.21201,10.41527
0.7082,4.1504,2.7292,0.4513,1.1463,0.57985,1.12505,1.82225,0.32842,0.36949,8.34146,10.23384
0.6265,3.2244,3.0514,0.56294,1.64461,0.88065,3.3936,2.16644,0.1585,0.53788,8.1549,9.94267
0.7136,1.209,2.3523,0.66432,0.9143,1.12169,1.19978,1.97428,0.2885,0.34614,7.18285,9.15224
0.6614,2.3485,2.2682,0.50907,0.95574,0.64426,1.03957,1.75989,0.33764,0.351,8.43921,10.36614
0.845,1.0103,1.1267,0.5741,0.85648,0.5248,0.87125,1.055,0.37785,0.3292,7.15853,7.73128
0.9404,3.5659,2.3307,0.44354,0.75006,0.37407,0.6141,1.18166,0.49757,0.30556,9.60139,10.40371
0.8978,3.4529,3.513,0.51919,0.96167,0.82366,0.88767,1.55082,0.36933,0.32784,8.20644,9.61827
0.6052,2.2206,3.4808,0.704,1.92359,1.62146,8.0,2.6721,0.05949,0.61616,7.52733,9.3657
0.8818,3.2095,0.4403,0.3338,0.98444,0.15481,0.61969,0.64002,0.49901,0.30923,8.31677,8.65039
0.7635,3.1882,3.911,0.62375,1.20212,0.73668,2.54255,1.92525,0.16775,0.42651,9.71171,11.44109
0.9346,1.1489,3.9069,0.81443,0.5,1.13405,0.75201,2.01202,0.38205,0.28731,9.12406,11.10225
0.8649,4.4668,3.383,0.46443,0.73489,0.45382,0.63385,1.61722,0.46493,0.29469,10.09121,11.14856
0.6159,3.5386,2.2985,0.44508,1.28255,0.61109,1.41062,1.90446,0.28748,0.40553,8.07399,10.09576
0.8847,4.0216,0.7742,0.43263,1.06795,0.258,0.68004,0.71618,0.46247,0.31449,6.74279,6.1819
0.8616,2.6217,1.4268,0.41866,0.927,0.32228,0.70334,1.01391,0.45836,0.32238,9.25635,9.05143
0.9766,3.9854,1.5054,0.44068,0.88016,0.2667,0.6852,0.93645,0.46232,0.31678,8.78839,8.54243
0.835,1.649,0.9669,0.41242,0.96227,0.29151,0.78347,0.92676,0.43518,0.34095,9.21775,9.03322
0.7092,4.1835,0.9965,0.37074,0.8598,0.22609,0.5691,0.9376,0.50615,0.28805,8.76979,8.49394
