i,alpha,lam,gamma,tau,k,noise,alpha_hat,lam_hat,gamma_hat,gconf,lconf
0,0.8318259240808067,3.516989354263699,3.223738297131857,0.5544652396177641,0.8280926612968189,0.16967803390752229,0.6649319884915134,2.435156312688429,3.37105449310207,ok,ok
1,0.9159996416006653,3.2687520375923107,2.1716091007580123,0.7458292912484603,0.6745941829845691,0.1361762478797002,0.6558356093943561,2.5324024592496808,2.4118602098088724,ok,ok
2,0.8450957014429404,3.2175352657284675,0.4944501509349208,0.8301066454879958,0.6296730725157011,0.14190703383179776,0.6829607719563274,2.4017753794551138,0.3114884009414962,ok,ok
3,0.843723943619777,1.6377825757743152,2.2185908184045537,0.4061403185594964,0.9874026390798345,0.16811762499564847,0.6450560106599337,1.334108595791596,3.514674077451797,ok,ok
4,0.8972132850893851,2.1470271564829635,3.256152713167184,0.5231866317737728,0.7645927666802864,0.1944438521911388,0.6578177114824366,2.1398341145706277,3.361208203671888,ok,ok
5,0.7514484055538847,3.6898524032598683,1.6834280194413551,0.7841806218209828,0.7268594646529523,0.18078771511060784,0.5815433658661735,2.586608786709332,2.1711469053253354,ok,ok
6,0.7951136254246793,3.1758539024902204,0.2846247058923593,0.9010866348163835,0.6597072400509064,0.10106773060981314,0.709238277071832,2.5580167664596396,0.28338378252218993,weak,ok
7,0.7322160372097781,3.4892758724405724,2.116004152313544,0.91381520643628,0.7180343972599302,0.17051446917287344,0.627496300753188,2.5157760395470086,2.9104560739870053,ok,ok
8,0.945432959047684,3.8716203600234493,1.7414790896479981,0.6175944056802568,0.9302490528939688,0.13887426293968375,0.6303170487283349,3.4601660051224985,1.7567485724648082,ok,weak
9,0.8307757048918721,2.3854643935611444,1.350383490176622,0.7423234928218734,0.745189165348488,0.10355568590698798,0.6230791331400826,2.3987540456354757,2.122726216433893,ok,ok
10,0.7529963348372007,2.046550141028719,2.5715760247109327,0.7502312690879135,0.944079995964463,0.1777181343819401,0.6669647529966594,2.257447274760985,3.450863418924429,ok,ok
11,0.9447481675640861,2.637589851053953,1.934450472132708,0.6262609572650559,0.984877236020154,0.16789693855762522,0.6575111759957033,2.1357259556790655,3.101919321960172,ok,ok
12,0.8566451530302855,3.29505554309511,1.8068136110218895,0.4971671744337979,0.7330213786487473,0.1965139755347704,0.6341635289829591,2.7181195985713993,2.4416189224838636,ok,ok
13,0.8632461207744164,3.265026043872954,0.22674401913654285,0.5405365766799971,0.6662099500757827,0.18500008024951886,0.6775808072598505,2.5168518488707265,0.2628342752495982,weak,ok
14,0.851875086658098,3.219361198203277,1.4369903793338878,0.639325608757784,0.6727646854850879,0.16470402381680338,0.6300572880894859,2.942480500595612,1.3941795511117205,ok,ok
15,0.7601405362243384,3.3888506873885342,1.2721355226800877,0.4690868224301916,0.8576143341373665,0.1776170475728862,0.6351930914973283,3.6661206336539083,1.3694753794966017,ok,ok
16,0.8592653531123512,2.1352226764314173,2.774136804014454,0.5754868832170212,0.6025257046351822,0.11162289912013199,0.5588388701795923,2.123301404509598,2.778297482782303,ok,ok
17,0.8256592211296165,1.987909659283894,1.2730251184044283,0.9990191866586382,0.8914855319380665,0.18206856464090854,0.5907671578089203,2.0946438228389077,2.0107676708246154,ok,ok
18,0.9432124925603029,2.887726213121854,1.8507493525310759,0.9890390462567688,0.7417271923826412,0.15727117991813094,0.590934542574422,2.5505231784685467,2.474252110379796,ok,ok
19,0.76643803990275,2.829228756795552,1.0643713595350304,0.8080196462546579,0.6635035580367644,0.13393637768848712,0.6290620376019613,2.512399068732555,0.994572152240989,ok,ok
20,0.8937388531145394,1.9376542706550204,2.589139865084129,0.843175308789248,0.9892146765969116,0.11998432163870132,0.6841437737319641,1.9556462382855375,3.6982623135631156,ok,ok
21,0.9690742652887814,1.3315984090308484,3.1176352619963144,0.5802004160155618,0.679607760795412,0.10436669173962852,0.6315703858449427,1.4435269229675725,3.3447900949165956,ok,ok
22,0.8251494662483314,1.261798806711384,1.8858545236579654,0.47748808782585617,0.976167095117431,0.15540071933768584,0.6284048118387529,1.413130362081489,3.167723165700057,ok,ok
23,0.9038222565535731,3.7249429283466045,2.9442055417247572,0.8570844219392351,0.8037260217007962,0.15612851458153887,0.6329179613379434,3.2698581136014924,3.351228621129699,ok,weak
24,0.8732429583858619,1.6441564732769083,2.424236880992916,0.704514470254952,0.7178590126649829,0.13110159847044825,0.6082701039424439,1.9660905462843978,3.0075584051917295,ok,ok
25,0.9475379696498245,3.7850008893730624,1.0926169909258687,0.9126242788958114,0.9630686666723277,0.18617865093891198,0.6891625304061278,6.127885806043027,0.8847880546546385,ok,weak
26,0.7182848245151232,3.4874553112707263,2.455910876848811,0.933220168895515,0.9570826735556706,0.11758614514373093,0.6242893499770914,2.8382962336247703,3.0957244272580544,ok,ok
27,0.8067469093332635,2.17508127195498,3.025464686120424,0.6016153513546583,0.8891653291099761,0.14496514806581173,0.6800033716067014,1.8813484763768678,3.482089172998473,ok,ok
28,0.8575331313221466,1.6963474293840757,0.5698455394180055,0.8438674925019896,0.829043098382733,0.15560793253013022,0.6825723405042555,1.743190063329855,0.7355598279348794,ok,ok
29,0.8574865048347184,2.746893440767596,0.6773204656856646,0.8986066860092621,0.8599031223122451,0.11020631003144832,0.6907909413929358,2.5263679842728255,0.7736974219834443,ok,ok
30,0.7425143795094824,1.5086360754404688,2.4671207088811316,0.4465889066413173,0.730010320218599,0.14288319736010135,0.5729604304741623,1.879865042837089,2.987752587934887,ok,ok
31,0.8238068164376906,2.1402497370706888,3.474678328198434,0.5893552811345937,0.8402781927339393,0.17374807811847937,0.6501034869525942,2.482589768889951,3.4538604189082887,ok,ok
32,0.9137049797636073,3.4418642590524007,0.530267148630322,0.7055124242826865,0.8376161142171765,0.19628008245576115,0.6834075737320485,2.884767041372978,0.4339567736887487,ok,ok
33,0.808167221976111,1.334714798537332,2.6174743568041188,0.7822765051748548,0.6970924519565318,0.17088126841257162,0.5918499400361156,1.1883398503548468,2.987752587934887,ok,ok
34,0.8483030825857717,2.1050371787851123,2.2549678626402443,0.9744236192088072,0.8642008155238439,0.16141669366323774,0.6206514049248387,2.223326921766974,3.320952190575095,ok,ok
35,0.7879355537068105,2.952382659904357,2.462709728683697,0.9515432315643246,0.7460070527409821,0.14548519269058457,0.5846783459445065,2.0936028250122343,2.8771158766389466,ok,ok
36,0.7275749425293011,2.454184634732554,1.435774745198274,0.7679921714818997,0.7363837304136698,0.1440650479199234,0.6428770466638157,2.7635958972541905,2.68902159841908,ok,ok
37,0.9603014317760021,2.1305928292937555,1.6438126745355732,0.41657595771395595,0.6604411356929175,0.13872693276509052,0.6093168891811217,1.984267571542174,2.0348097580336164,ok,ok
38,0.7697976378546383,1.3890762433378154,2.3575279411459396,0.8250013967297514,0.6929094502233304,0.1543332562900862,0.6146555805008982,1.4486002472761363,2.8152644624457763,ok,ok
39,0.8506517035305996,1.5981124557910358,0.48817763989028135,0.6777395149146984,0.6222187307406438,0.10654692802138747,0.6235191869284191,1.3568655111438213,0.5182486362622868,ok,ok
40,0.9332740872536032,3.7211936354284756,2.956460481965905,0.7755685219108747,0.9467181888466752,0.1909549483795192,0.6590533641981503,4.324867098219192,3.437009465787808,ok,weak
41,0.9240500520220464,3.7331676473691005,1.0439470139436797,0.7028831910527491,0.928920818781964,0.15540981629040562,0.7017415550287506,3.280122424636473,0.9755385676996763,ok,weak
42,0.7965756696283266,3.8843203711613095,1.279898859455398,0.8915180034271165,0.749648549280288,0.18819671397973184,0.6368855812927654,5.150315752892478,1.4012607836135362,ok,weak
43,0.9669965092869637,3.0685330012218026,3.044195965019115,0.8441182631966455,0.889591893141485,0.13611877867465247,0.6588960292874386,2.5067351301716054,3.5310085251301153,ok,ok
44,0.9328690686697884,1.84720630480845,2.8574011909561885,0.8572135741573956,0.8720211363071998,0.17167587112434102,0.6531318004525387,2.022589166389142,3.613782869200097,ok,ok
45,0.8785828094650485,3.2438372926168846,3.1355483169732037,0.9088813739383125,0.9539211620862871,0.13742324316811816,0.6745667658343973,3.7834346738298867,3.5485031661241457,ok,weak
46,0.8214313697319978,2.683030152153865,1.594924394476913,0.8375278998618854,0.842979731913182,0.19530882078886358,0.6045551164774887,2.2340427886094694,2.4916451061117555,ok,ok
47,0.8190043521922925,1.7892984543846304,3.2616216995275993,0.962168030725268,0.9213218378808709,0.15391540591843142,0.6708591716880377,1.7843002905867724,3.7552036163141764,ok,ok
48,0.7704309837134611,3.691373429459733,1.32009696583085,0.4223130646952621,0.8241772302035795,0.13755886606624154,0.6305840695824206,4.036419634305028,1.3600650887822667,ok,ok
49,0.9250753992342138,1.9562737524419638,0.23394530905148792,0.5396198781265028,0.8786490098230846,0.13810466834230525,0.621823183616991,1.9762029037629265,0.33074911211849795,weak,ok
50,0.8751848838883707,1.7141346485129592,0.7342358193571034,0.98183231206905,0.7566180984597196,0.19681913912084983,0.6588861690532711,1.8037630465319643,1.037155681016522,ok,ok
51,0.7916411935243314,2.392402724364077,0.5010131080267781,0.6902494337183286,0.749747244025855,0.1385642410459052,0.6704055384083816,3.1556758818502932,0.5701513254556558,ok,ok
52,0.8777114194987967,3.605010705973932,2.1008830326800654,0.4042036028300689,0.959856993490789,0.10604296642542463,0.5791296640366529,3.3210777700454552,2.715308773447082,ok,ok
53,0.8974302530856288,1.6088247953632655,0.25962772834575026,0.5946646960567333,0.9936828444894383,0.18348557562870285,0.6420161860363011,1.6543062033557479,0.46627192697742764,ok,ok
54,0.755829686094285,3.8634982322637796,1.4683576797727929,0.8931685752831642,0.7682786154887048,0.15034592583633352,0.6123899722704322,3.9531129341681708,1.3319483794660754,ok,weak
55,0.9123008580380626,1.4153851559615895,1.8926822260553946,0.665485861053724,0.9179325456509775,0.1857142152722681,0.6376344913914557,1.431848036922929,3.2212284254530235,ok,ok
56,0.9575151309721104,3.2976708393683305,0.9236206392314863,0.41226911671636235,0.8444377384249995,0.11074268132901043,0.6872384952211082,2.586596965990657,0.8702219558909385,ok,ok
57,0.9542880194095487,1.9611907555169719,1.1955228699706377,0.7444169407322448,0.7979064918886718,0.1970041461149431,0.5983892192937847,2.1084963701073436,1.5236060487931147,ok,ok
58,0.9704953314062648,1.2188608128177925,2.5020068220055918,0.7419891770156277,0.926391834633292,0.1029919054297107,0.6514793056196915,1.2658956866994893,3.506084018876617,ok,ok
59,0.9158659481988898,1.3012978346091655,1.4277746458607867,0.9835508174423162,0.6496163750162715,0.18658486125178386,0.5765616073181749,1.2279021324770538,2.4894607354999794,ok,ok
60,0.8431472498940698,2.2631135782279603,3.2330393159473676,0.43065494739356636,0.7853363326473255,0.11652391471678966,0.6511049709178565,2.301277095114971,3.4991344769078725,ok,ok
61,0.9485142119637411,3.821364291373391,2.5561000625793455,0.8874668621052701,0.9685196116658131,0.15056541991574782,0.6744975394801876,5.546860863673307,2.9734597966665097,ok,weak
62,0.7074922378301712,1.4289225933365284,3.3762751149644066,0.8481271964055509,0.7251204191625009,0.11191496541265056,0.6180668764024796,1.313286272836779,3.0198616538893392,ok,ok
63,0.8646124674340433,2.6975280421666232,2.9812671225458898,0.9146393031378807,0.9712351117690301,0.19873607790754724,0.6780571958726553,2.1105335835604206,3.781719373103585,ok,ok
64,0.9722494991256279,1.4527510453795531,0.4933032123801357,0.9029937915291808,0.8900415238179982,0.137516434889493,0.697343047792188,1.3825971829323396,0.6599663940370752,ok,ok
65,0.8027763975439582,2.446186000394583,3.108798047964491,0.889377501856393,0.6424481222481742,0.13709712119917156,0.5991914753245422,2.3730677839220156,2.94639862166118,ok,ok
66,0.7146330730666318,3.7800841874831095,1.9418373688491877,0.6050904127404663,0.7076087997605344,0.11928944351661797,0.590569850155092,2.955619850748489,2.601153528810848,ok,ok
67,0.7999850391749698,1.2223380779675237,3.2435473006470685,0.5721450720762987,0.7000740965969336,0.16111233907155376,0.651206314059138,1.4486111385088456,3.0688783692148296,ok,ok
68,0.7459448425324823,3.4135423234555367,0.5678225264743089,0.600846062309517,0.9366806389824303,0.1649036499261446,0.6724190972995814,2.2708168105246758,0.5145157303852793,ok,ok
69,0.9326659160300879,1.2211958016068392,0.590353724018728,0.7004894172300029,0.7000241761619287,0.10657127462948017,0.6685751195995622,1.126518249668106,0.8897631145959581,ok,ok
70,0.7944870811701477,3.152317605835564,1.6306724939013475,0.9024102499876253,0.8699170600568147,0.12270842133697281,0.6283840901727086,2.215877205818323,2.404926041389875,ok,ok
71,0.9567246715657907,1.2722637291791308,0.21469500849120338,0.8025214444880224,0.8956010796669363,0.19089240691705012,0.6307707535470507,1.2523070731412247,0.31793962000318915,weak,ok
72,0.9794600776529363,3.056176850520477,2.919183250899605,0.6371336366141144,0.9145280829746757,0.11523663442787029,0.6707940121472963,2.3194245907718485,3.584102845376638,ok,ok
73,0.7040561507017546,1.3412298551285629,1.068429267323275,0.5925712791984381,0.9612143735235964,0.19043520124989885,0.6145058733605087,1.3317153657708398,2.348648678424083,ok,ok
74,0.8452411241904721,3.359320351561098,2.2959190188006473,0.8941633451589679,0.7858230027231472,0.14137850465554863,0.5999371899420483,3.0137425960026456,2.9255773898705417,ok,weak
